id,signatuur,datering
TDRA000000011783	CHICAGO, NL : 38	1450
TDRA000000008588	OXFORD, BL : Canonici Liturg. 251	1390/1400
TDRA000000011973	AUCKLAND, PL : 25	1460/1470
TDRA000000013802	Olim VAN STOCKUM ('s-Gravenhage) : Cat. 2000-6-14/16, nr. 1179	14??
TDRA000000003344	'S-GRAVENHAGE, KB : 133 D 5	
TDRA000000008205	'S-GRAVENHAGE, KB : 76 F 27	1450/1475
TDRA000000011032	BALTIMORE, WAG : W. 721	1450
TDRA000000007678	AMSTERDAM, UB : XV E 2	14??
TDRA000000016013	LEHMAN (New York) : C.30-31	1500
TDRA000000006200	Olim LEUVEN, UB : 32 (verloren)	1408
TDRA000000016007	LEHMAN (New York) : C.8	1490
TDRA000000015268	PHILADELPHIA, FL : Lewis European 100	1460
TDRA000000010847	HAARLEM, NHA : Losse Aanwinsten Inv. 1335	1565
TDRA000000005292	WOLFENBÜTTEL, HAB : 88.9.2 Aug. Duod.	
TDRA000000005286	WOLFENBÜTTEL, HAB : 62.14 Aug. Oct.	14??
TDRA000000004198	BRUSSEL, KB : II 6403	14??
TDRA000000004826	DARMSTADT, HLHB : 69	1520
TDRA000000012739	KEMPE (Örnsköldsvik) : z.s.	1475/1500
TDRA000000009457	WASHINGTON, LC : 60	14??
TDRA000000010106	LONDEN, UL : 509	14??
TDRA000000016205	SYRACUSE, PL : 5	1400/1425
TDRA000000014412	Olim KARL und FABER (München) : Cat. 83/1963 nr. 18	1475/1500
TDRA000000004946	Olim UTRECHT, ABM : 12	
TDRA000000006189	TURIJN, MC : z.s.	
TDRA000000003973	BRUSSEL, KB : 21696	1440
TDRA000000003032	BERLIJN, SBB-PK : Germ. Oct. 324	
TDRA000000004985	UTRECHT, MCC : ABM 50	1507
TDRA000000008615	LONDEN, BL : Add. 18213	1400/1415
TDRA000000001157	UTRECHT, UB : Cat. 1032	1470
TDRA000000015122	Olim VAN DE WALLE (Gent) : 1	1480
TDRA000000010072	LONDEN, BL : Add. 18850	1423
TDRA000000009537	AMSTERDAM, BPH : ICN 139	1470/1500
TDRA000000013786	'S-GRAVENHAGE, KB : 77 L 58	1465/1485
TDRA000000014943	CAMBRIDGE, FM : 294	1500
TDRA000000009912	STONYHURST, GC : 47	1475/1500
TDRA000000007903	BRUSSEL, KB : IV 194	1450
TDRA000000007056	NEW YORK, PML : 104	
TDRA000000006348	Olim LEUVEN, UB : D 391 (verloren)	1480
TDRA000000007042	GOTHA, LB : 137	
TDRA000000005133	Olim UTRECHT, ABM : 84 (verloren)	
TDRA000000013989	Olim BEIJERS (Utrecht) : Cat. 1957 nr.65	1500
TDRA000000010258	MODENA, BE : Lat. 835	1475/1500
TDRA000000006412	ANHOLT, FSSB : z.s.	
TDRA000000008359	PARTICULIERE COLLECTIE (Nederland) : 8	
TDRA000000006360	NIJMEGEN, JBB : 5000 A 27	
TDRA000000006361	NIJMEGEN, JBB : 5000 A 29	1518
TDRA000000002107	GRONINGEN, UB : 219	1485/1495
TDRA000000012472	BRUSSEL, KB : IV 231	
TDRA000000009046	LES ENLUMINURES (Parijs) : Cat. 4, nr. 6	1450/1470
TDRA000000007043	OXFORD, BL : Misc. lit. 400	
TDRA000000010259	MODENA, BE : Lat. 857	1475/1500
TDRA000000002649	'S-GRAVENHAGE, KB : 135 G 19	1475/1500
TDRA000000007057	BRUSSEL, KB : 10770	
TDRA000000005898	BRUSSEL, KB : 15589-623	1405/1408
TDRA000000014942	LONDEN, BL : Add. 40155	1475/1500
TDRA000000013787	ARNHEM, HMB : GM 2037	1460/1485
TDRA000000009536	AMSTERDAM, BPH : ICN 134	1470/1500
TDRA000000006177	TENSCHERT (Rotthalmünster) : z.s.	
TDRA000000006611	PARIJS, BA : 575	
TDRA000000010073	LONDEN, BL : Add. 18852	
TDRA000000015123	WALLER ('s-Gravenhage) : z.s.	1450
TDRA000000006639	NOVA RICE, PREMONSTRATENZERS : 70	1461
TDRA000000007241	NAPELS, BN : I B 27	
TDRA000000004990	Olim UTRECHT, ABM : 55	1475/1500
TDRA000000003027	BERLIJN, SBB-PK : Germ. Oct. 229	
TDRA000000003966	BRUSSEL, KB : 21371	1465
TDRA000000015862	MEWETT (Cleveland) : 17	1500
TDRA000000008199	'S-GRAVENHAGE, KB : 76 G 7	
TDRA000000010098	LONDEN, SA : 329	14??
TDRA000000006188	ROMORANTIN, BM : 2	
TDRA000000004947	UTRECHT, MCC : ABM 12A	1425/1475
TDRA000000002271	AMSTERDAM, UB : I F 51	1460
TDRA000000000466	UTRECHT, MCC : BMH 48	1450/1500
TDRA000000016210	PELL (Newport) : 5	1475/1500
TDRA000000010661	WENEN, ONB : Series Nova 2625	1510/1520
TDRA000000000472	UTRECHT, MCC : BMH 52	1450/1500
TDRA000000015719	BRUSSEL, KB : II 7604	1478
TDRA000000010107	NEURENBERG, SB : Hert. 3	1400/1425
TDRA000000009456	WASHINGTON, LC : 51	1500/1525
TDRA000000003147	'S-GRAVENHAGE, KB : 134 C 47	1475/1525
TDRA000000004628	KOPENHAGEN, KB : GKS 3446 Oct.	
TDRA000000006759	BRUSSEL, KB : IV 40	1485
TDRA000000009495	AMSTERDAM, BPH : BPH 38	1440/1475
TDRA000000005287	WOLFENBÜTTEL, HAB : 65.4 Aug. Oct.	
TDRA000000004827	DARMSTADT, HLHB : 1097	1470
TDRA000000011594	LUIK, UB : Wittert 14	1451/1493
TDRA000000010846	Olim SIX VAN HILLEGOM (Amsterdam) : Cat. 1928 nr. 212	
TDRA000000015269	PHILADELPHIA, FL : Lewis European 102	1515
TDRA000000006567	WENEN, ONB : Series Nova 13240	1460
TDRA000000016012	LEHMAN (New York) : A.13	1500
TDRA000000015533	Olim KOCKX (Antwerpen) : Cat. 1876, nr. 345	1532
TDRA000000005720	KAAPSTAD, NLSA : Grey 3 b 9	15??
TDRA000000008204	'S-GRAVENHAGE, KB : 130 E 2	
TDRA000000006229	Olim LEUVEN, UB : 165 (verloren)	
TDRA000000007889	BRUSSEL, KB : IV 36	1250/1260
TDRA000000011033	BALTIMORE, WAG : W. 186	1460
TDRA000000013624	UTRECHT, MCC : ABM 95	1482
TDRA000000008576	LONDEN, BL : Add. 16998	
TDRA000000007123	EVORA, BP : s.o.	1460/1475
TDRA000000003345	'S-GRAVENHAGE, KB : 133 D 7	1450/1500
TDRA000000003392	'S-GRAVENHAGE, KB : 131 E 30	1500/1550
TDRA000000005085	KEULEN, HA : GB Oct. 30	
TDRA000000014834	Olim CHRISTIE'S (Londen) : Cat. 1972-06-28, nr. 20	1460
TDRA000000013197	PHILADELPHIA, UP : Schoenberg s.o.	1475/1500
TDRA000000007684	AMSTERDAM, UB : XXV C 26	1485
TDRA000000011031	BALTIMORE, WAG : W. 494 (a-i)	1450
TDRA000000011757	Olim DE GHELLINCK (Elsegem) : z.nr.	1450/1500
TDRA000000008206	'S-GRAVENHAGE, KB : 131 G 41	1425/1475
TDRA000000005722	KAAPSTAD, NLSA : Grey 3 b 16	1470
TDRA000000005736	LUIK, UB : 2328	1504
TDRA000000015525	Olim VAN DUYSE : Cat. 1862, nr. 99	
TDRA000000016004	LAMBERT (New York) : 2	1510
TDRA000000007109	SIENA, BP : G VIII 55	
TDRA000000015519	Olim LAMBIN (Ieper) : Cat. 1841, nr. 15	1400/1450
TDRA000000002703	'S-GRAVENHAGE, KB : 71 J 73	1475/1500
TDRA000000010688	MANCHESTER, JRL : Latin 101	14??
TDRA000000004825	DARMSTADT, HLHB : 4157	1460
TDRA000000005285	WOLFENBÜTTEL, HAB : 57.2 Aug. Oct.	
TDRA000000006798	LOS ANGELES, PGM : Ludwig IX 18	1515
TDRA000000004831	DARMSTADT, HLHB : 1105	1470
TDRA000000010844	MÜNCHEN, BSB : Clm 23638	1500/1525
TDRA000000000458	UTRECHT, MCC : BMH 45	1450/1500
TDRA000000001752	BRUSSEL, KB : IV 363	15??
TDRA000000016206	POUGHKEEPSIE, VC : 7	1500
TDRA000000014377	ROSEMAN (Cleveland Heights) : 12	14??
TDRA000000009454	WASHINGTON, LC : 46	1500
TDRA000000002267	AMSTERDAM, UB : I G 24	1450/1500
TDRA000000004616	KOPENHAGEN, KB : Thott 131 Oct.	1529
TDRA000000004951	UTRECHT, MCC : ABM 15	1445
TDRA000000003794	BRUSSEL, KB : 8870	14??
TDRA000000004945	UTRECHT, MCC : ABM 11	
TDRA000000006808	OXFORD, BL : Auct.D.inf.2. 13	
TDRA000000003025	BERLIJN, SBB-PK : Germ. Oct. 205	
TDRA000000012128	VIC, BE : 91	1400/1450
TDRA000000008170	'S-GRAVENHAGE, KB : 133 D 14	1420/1440
TDRA000000008616	NEW YORK, PML : M. 1073	1400/1415
TDRA000000009508	AMSTERDAM, BPH : BPH 56	1500/1510
TDRA000000003743	BRUSSEL, KB : 4510-11	14??
TDRA000000003757	BRUSSEL, KB : 4660-61	14??/15??
TDRA000000011435	CHARLOTTESVILLE, UL : Stone 7	14??
TDRA000000013222	EDINBURGH, UL : 47	14??
TDRA000000006161	STUTTGART, WLB : Don. 332	1450
TDRA000000010071	OXFORD, BL : Douce 256	1450/1500
TDRA000000010298	BRUSSEL, KB : 11799-800	14??
TDRA000000005859	UTRECHT, UB : 8 L 18	1450/1500
TDRA000000001381	LEIDEN, UB : LTK 356	1450/1500
TDRA000000007928	BRUSSEL, KB : IV 280	1510
TDRA000000007041	BRUSSEL, KB : 8645	1420/1430
TDRA000000009078	FOGG (Londen) : Cat. 16 nr. 130	1500/1550
TDRA000000007733	BRUSSEL, KB : II 668	1525
TDRA000000012458	Olim ARENBERG : 69	1400/1450
TDRA000000004561	OXFORD, KC : 13	14??
TDRA000000009045	LES ENLUMINURES (Parijs) : Cat. 4, nr. 5	1450
TDRA000000012465	ORANGE, SMA : s.o.	1500
TDRA000000016159	Olim NIJHOFF ('s-Gravenhage) : Cat. 1855, nr. 3	
TDRA000000009079	Olim SOTHEBY'S (Londen) : Cat. 1995-06-20, nr. 81	1525/1550
TDRA000000007040	BERLIJN, SKB : Gris. 4. K1	
TDRA000000009086	BRUSSEL, KB : IV 1270	1460
TDRA000000009938	SOUTHAMPTON, THM : 603.1985	1475/1500
TDRA000000005858	AMSTERDAM, BPH : ICN 6	1475
TDRA000000010070	NEW HAVEN, YUBL : 287	1475/1500
TDRA000000014564	LUIK, UB : Wittert 29	15??
TDRA000000010064	BOSTON, UL : Endowment Collection Leaf 52-55	1430/1440
TDRA000000004011	BRUSSEL, KB : II 277	1510
TDRA000000007242	FLORENCE, BN : 320	
TDRA000000008617	LONDEN, BL : Add. 27948	1400/1415
TDRA000000015691	SALLOCH (New York) : Cat. 375, nr. 14	1450/1500
TDRA000000006766	BOEDAPEST, OSK : Holl. 396	
TDRA000000009455	WASHINGTON, LC : 49	1400/1450
TDRA000000016213	MONTREAL, MU : 100	14??
TDRA000000000471	UTRECHT, MCC : BMH 51	1465/1470
TDRA000000000465	UTRECHT, MCC : BMH 47	1450/1500
TDRA000000000303	GENT, UB : 2750	1475
TDRA000000002514	SINT-PETERSBURG, BSS : Goll. O.v.I, 4	1490/1500
TDRA000000014376	ROSEMAN (Cleveland Heights) : 6	14??
TDRA000000010138	Olim SOTHEBY'S (Londen) : Cat. 1987-12-01, nr. 52	1400/1425
TDRA000000004159	BRUSSEL, KB : II 5220	1510
TDRA000000004818	DARMSTADT, HLHB : 1874	1450
TDRA000000006799	MÜNCHEN, BSB : Cgm 23240	
TDRA000000004830	DARMSTADT, HLHB : 1965	1480/1510
TDRA000000004824	DARMSTADT, HLHB : 1958	1460
TDRA000000008978	TALLAHASSEE, SU : Special collections Strozier Library z.s.	
TDRA000000016011	LEHMAN (New York) : A.13	1500
TDRA000000004373	LONDEN, BL : Add. 15267	1450/1475
TDRA000000012505	OXFORD, BL : Astor A 24	1500/1545
TDRA000000003346	'S-GRAVENHAGE, KB : 133 D 8	
TDRA000000006558	BRUGGE, GS : 72/175	1400/1415
TDRA000000011030	BALTIMORE, WAG : W. 282	1440/1450
TDRA000000007652	AMSTERDAM, UB : V J 6	1500/1550
TDRA000000013627	BRUSSEL, KB : 10767	14??
TDRA000000005723	KAAPSTAD, NLSA : Grey 3 b 17	14??
TDRA000000011756	Olim DE GHELLINCK (Elsegem) : z.nr.	14??
TDRA000000014809	Olim SOTHEBY'S (Londen) : Cat. 1937-03-05, nr.838	1450/1500
TDRA000000013196	PHILADELPHIA, UP : Schoenberg s.o.	1430/1450
TDRA000000014835	Olim CHRISTIE'S (Londen) : Cat. 1972-06-28, nr. 39	1425/1475
TDRA000000007871	BRUSSEL, KB : IV 1013	1280/1290
TDRA000000007681	AMSTERDAM, UB : XXI C 4	14??
TDRA000000011785	CHICAGO, NL : 46	1450
TDRA000000016001	Olim BISHOP (New York) : 25	14??
TDRA000000004411	LONDEN, BL : Add. 29985	1510
TDRA000000014602	BERN, BB : A 84	1500/1525
TDRA000000008565	LONDEN, BL : Add. 17280	1475/1500
TDRA000000011034	BALTIMORE, WAG : W. 181	1460/1470
TDRA000000003342	'S-GRAVENHAGE, KB : 129 F 4	1475/1525
TDRA000000006979	NIJMEGEN, UB : 456	1475/1500
TDRA000000006789	LIVERPOOL, UL : F.2.2	1475/1525
TDRA000000011593	LUIK, UB : 1097	13??
TDRA000000015939	Olim DE LANGE VAN WIJNGAARDEN (Gouda) : Cat. 1845, 8° nr. 32	1400/1450
TDRA000000006945	BERLIJN, KK : 78 B 3	1500
TDRA000000008968	RETZ, SA : 23	1460
TDRA000000014372	NEW YORK, PL : 118	1500
TDRA000000006010	LONDEN, VAM : Reid 34	
TDRA000000012071	MULARD (Parijs) : z.s.	1435
TDRA000000004613	KOPENHAGEN, KB : Thott 127 Oct.	
TDRA000000010666	WENEN, ONB : Series Nova 13238	1500
TDRA000000000475	UTRECHT, MCC : BMH 55	1440/1475
TDRA000000014366	NEW YORK, PL : 70	1470
TDRA000000014428	Olim SOTHEBY'S (Londen) : Cat. 1928-05-21, nr.28	1400/1425
TDRA000000006819	OXFORD, BL : Douce 223	1480
TDRA000000004954	UTRECHT, MCC : ABM 18	1455
TDRA000000005492	CUIJK, SA : 27	1458/1500
TDRA000000004798	DARMSTADT, HLHB : 1831	
TDRA000000004015	BRUSSEL, KB : II 294	14??
TDRA000000010060	BOSTON, UL : General Manuscript Collection Leaf 88	14??
TDRA000000012105	SPRINGFIELD, CL : 91 I 29	14??
TDRA000000010074	NEW HAVEN, YUBL : 310	1450/1500
TDRA000000015124	WALLER ('s-Gravenhage) : z.s.	1475/1500
TDRA000000006158	KEULEN, WRM : Inv. mv 1961/31	1475
TDRA000000007252	BRUSSEL, KB : II 4916	14??
TDRA000000013970	BRUSSEL, KB : 14686-87	14??
TDRA000000009928	WELSHPOOL, PC : z.s.	1425/1475
TDRA000000005860	VERSHBOW (Boston) : 77-49-22	1460/1475
TDRA000000002699	'S-GRAVENHAGE, KB : 71 H 65	14??
TDRA000000014951	KRAKOW, MN : Czart. 2421	
TDRA000000014762	HAMBURG, SUB : Scrin. 201	
TDRA000000010262	VENETIE, BC : V, 4	1500/1525
TDRA000000002666	'S-GRAVENHAGE, KB : 135 K 45	1430/1450
TDRA000000012461	Olim ARENBERG : 78	1420
TDRA000000004559	OXFORD, KC : 7	
TDRA000000007737	KERVIJN DE MEERENDREE (Gent) : z.s.	
TDRA000000009068	LONDEN, BL : Add. 24098	1500
TDRA000000007045	BRUSSEL, KB : 9785	1456
TDRA000000008410	OXFORD, BL : Douce d. 19 (71b)	
TDRA000000008438	Olim SOTHEBY'S (Londen) : Cat. 1971-12-06, nr.29	1450
TDRA000000004564	OXFORD, KC : 45	1500
TDRA000000004570	OXFORD, KC : 81	1425/1475
TDRA000000010263	CAMBRIDGE, HUL : Typ. 303	1470/1480
TDRA000000014950	KRAKOW, MN : Czart. 2032	
TDRA000000009915	STONYHURST, GC : 60	1450/1500
TDRA000000005861	VERSHBOW (Boston) : 83-61-15	1485/1490
TDRA000000005875	WENEN, ONB : Series Nova 12878	1450
TDRA000000007904	BRUSSEL, KB : IV 361	1450
TDRA000000009929	REIGATE, PCCL : 889	1425/1475
TDRA000000013971	BRUSSEL, KB : 4545-46	14??
TDRA000000007253	BRUSSEL, KB : IV 826	
TDRA000000000500	UTRECHT, MCC : BMH 101	14??
TDRA000000009530	AMSTERDAM, BPH : BPH 71	1460/1470
TDRA000000010061	BOSTON, UL : STh Leaf 2	14??
TDRA000000007290	SINT-TRUIDEN, IFG : B 66	
TDRA000000004799	DARMSTADT, HLHB : 1862	
TDRA000000009295	TURIJN, BN : L I 12	
TDRA000000004969	UTRECHT, MCC : ABM 34B	
TDRA000000001756	BRUSSEL, KB : IV 385	1460
TDRA000000005256	UTRECHT, MCC : Warmond 92 A 8	1425/1475
TDRA000000014429	Olim SOTHEBY'S (Londen) : Cat. 1928-05-21, nr.35	1500
TDRA000000000474	UTRECHT, MCC : BMH 54	1455
TDRA000000014367	NEW YORK, PL : 71	1470
TDRA000000010101	LONDEN, BL : Stowe 16	
TDRA000000009444	DRESDEN, SL : M 256	1504
TDRA000000006011	ROTTERDAM, HMSR : 1659	
TDRA000000010840	Olim KOCKX (Antwerpen) : Cat. 1878, nr. 144	14??
TDRA000000006788	LOS ANGELES, PGM : 37	1470/1475
TDRA000000003828	BRUSSEL, KB : 11223	14??
TDRA000000004821	DARMSTADT, HLHB : 966	1471
TDRA000000001781	BRUSSEL, KB : IV 443	15??
TDRA000000009493	AMSTERDAM, BPH : 37	1430/1450
TDRA000000003343	'S-GRAVENHAGE, KB : 133 H 16	1475/1500
TDRA000000005726	KAAPSTAD, NLSA : Grey 3 c 17	1475/1500
TDRA000000008202	'S-GRAVENHAGE, KB : 76 F 30	1450/1500
TDRA000000011753	MAASTRICHT, BM : LGOG z.nr. (1)	1500
TDRA000000011035	BALTIMORE, WAG : W. 177	1460/1470
TDRA000000002707	'S-GRAVENHAGE, KB : 72 J 6	1450/1500
TDRA000000012514	LONDEN, VAM : L. 39-1981	1500/1561
TDRA000000016014	LEHMAN (New York) : A.5d	1510
TDRA000000016000	Olim BISHOP (New York) : 10	1542
TDRA000000007680	AMSTERDAM, UB : XXI C 2	1515
TDRA000000004389	LONDEN, BL : Add. 20729	15??
TDRA000000005929	LEEUWARDEN, FM : Stamnr. 2452	
TDRA000000014824	TRAPPIST, AG : 29	14??
TDRA000000011784	CHICAGO, NL : 53	1475
TDRA000000003394	'S-GRAVENHAGE, KB : 71 H 54	1500/1600
TDRA000000013187	NEW YORK, CU : Plimpton Collection 306	1450
TDRA000000014830	Olim CHRISTIE'S (Londen) : Cat. 1972-06-28, nr. 6	1450/1475
TDRA000000011976	DUNEDIN, PL : 61	1470
TDRA000000005903	PHILADELPHIA, FL : Lewis European 183	1500
TDRA000000013191	CHICAGO, NL : 117	14??
TDRA000000014832	Olim CHRISTIE'S (Londen) : Cat. 1972-06-28, nr. 8	1450/1475
TDRA000000016016	LEHMAN (New York) : B.21	1510
TDRA000000002711	Olim FORUM (Utrecht) : Cat. 99, nr. 3	1450
TDRA000000005718	KAAPSTAD, NLSA : Grey 3 b 7	1450/1500
TDRA000000016002	Olim BISHOP (New York) : 38	1500
TDRA000000003341	'S-GRAVENHAGE, KB : 130 E 19	1475/1500
TDRA000000011037	BALTIMORE, WAG : W. 202	1460/1470
TDRA000000007133	BRUSSEL, KB : 10957	
TDRA000000008200	'S-GRAVENHAGE, KB : 130 E 17	
TDRA000000005724	KAAPSTAD, NLSA : Grey 3 c 4	14??
TDRA000000010842	ITHACA, CU : 4600 Bd. Ms. 24	14??
TDRA000000012099	GRIMBERGEN, AB : II 57	1530/1540
TDRA000000004823	DARMSTADT, HLHB : 935	1460
TDRA000000006952	CAMBRIDGE, QC : 50	1453
TDRA000000014365	NEW YORK, PL : 60	1500
TDRA000000005268	TILBURG, TF : TFK HS 7	14??
TDRA000000014403	MECHELEN, SAB : HH II	14??
TDRA000000004610	KOPENHAGEN, KB : Thott 550 Qu.	1450/1500
TDRA000000000476	UTRECHT, MCC : BMH 56	14??
TDRA000000016214	MONTREAL, MU : 101	1470
TDRA000000014371	NEW YORK, PL : 98	14??
TDRA000000002513	SINT-PETERSBURG, BSS : Goll. O.v.I, 1	1480
TDRA000000001740	BRUSSEL, KB : IV 312	14??
TDRA000000006749	BERLIJN, KK : 1754	
TDRA000000005240	UTRECHT, MCC : Warmond 92 A 20	1500/1525
TDRA000000015866	Olim DE LANGE VAN WIJNGAARDEN (Gouda) : Cat. 1845, 8° nr. 33	14??
TDRA000000009297	KRAUS (New York) : Cat. 100, z.nr.	1450
TDRA000000010088	LONDEN, DC : 25	14??
TDRA000000004957	UTRECHT, MCC : ABM 21	1450/1500
TDRA000000010711	WENEN, ONB : Series Nova 2624	1520/1530
TDRA000000014563	LUIK, UB : Wittert 27	1475/1500
TDRA000000006601	LOS ANGELES, PGM : Ludwig IX 7	1450/1460
TDRA000000009268	OXFORD, BL : Laud. Lat. 15	1400/1425
TDRA000000014239	LUIK, UB : Wittert 17	14??
TDRA000000005877	PARTICULIERE COLLECTIE (Duitsland) : Cat. Defoer (e.a.) 1989, nr. 18	1420
TDRA000000014952	KRAKOW, MN : Czart. 3093	
TDRA000000009917	STONYHURST, GC : 63	1487
TDRA000000012489	BERLIJN, KK : 78 B 12	1482
TDRA000000005678	BRUGGE, SB : 315	14??
TDRA000000006417	ASTON, RL : s.o.	1498
TDRA000000010261	VENETIE, BC : V, 6	1475/1500
TDRA000000002665	'S-GRAVENHAGE, KB : 135 K 5	1470/1475
TDRA000000005644	ZUTPHEN, LWK : Olim 7	1445
TDRA000000008360	PARTICULIERE COLLECTIE (Nederland) : 2	1451
TDRA000000002659	'S-GRAVENHAGE, KB : 135 G 22	1501
TDRA000000008412	OXFORD, BL : Douce 381 (106-120)	
TDRA000000006359	NIJMEGEN, JBB : 5000 A 26	1415/1420
TDRA000000011625	LONDEN, BL : Add. 41338	1475/1500
TDRA000000008413	OXFORD, BL : Douce 381 (164-6)	
TDRA000000001437	LEIDEN, UB : LTK 1219	
TDRA000000008375	KLEEF, SA : z.s	1440
TDRA000000008361	LIBERNA-COLLECTIE (Hilversum) : z.s.	1491
TDRA000000008407	OXFORD, BL : Douce 381 (89-103)	
TDRA000000002664	'S-GRAVENHAGE, KB : 135 J 10	1500/1525
TDRA000000010260	PARMA, BP : Pal. 153	1475/1500
TDRA000000014760	AMSTERDAM, KRIJTBERG : 1	1470
TDRA000000012463	PARIJS, BN : Nouv. acq. Lat. 3107	1400/1425
TDRA000000002670	'S-GRAVENHAGE, KB : 135 J 50	1430
TDRA000000009916	STONYHURST, GC : 62	1325/1375
TDRA000000015481	LUIK, UB : Wittert 23	15??
TDRA000000005692	'S-GRAVENHAGE, KB : 76 F 2	1454
TDRA000000013972	Olim LAMBIN (Ieper) : Cat. 1841, nr. 4	
TDRA000000007913	BRUSSEL, KB : IV 375	1460
TDRA000000009269	'S-GRAVENHAGE, MM : 10 F 11	1440
TDRA000000003036	BERLIJN, SBB-PK : Germ. Oct. 334	14??
TDRA000000006600	KRAUS (New York) : Cat. 108, z.nr.	
TDRA000000010062	BOSTON, UL : STh Leaf 3-6	14??
TDRA000000009527	BERLIJN, SBB-PK : Theol. Lat. Qu. 290	1430/1431
TDRA000000004956	UTRECHT, MCC : ABM 20	1490/1495
TDRA000000011383	SCHWARZ (New York) : 45	1500/1525
TDRA000000015867	PRAAG, PNP : Strahov DCV 4	
TDRA000000001741	BRUSSEL, KB : IV 317	1510
TDRA000000006748	BERLIJN, KK : 78 B 13	
TDRA000000011234	AMSTERDAM, MA : 456	1450/1500
TDRA000000010658	WENEN, ONB : 2032	1510/1520
TDRA000000014416	Olim KARL und FABER (München) : Cat. 45/1953 nr. 11	1450/1475
TDRA000000016201	Olim FEISS (Cleveland Heights) : 9	1500
TDRA000000006774	ROME, BAV : Vat. lat. 9488	
TDRA000000002506	WENEN, ONB : Series Nova 12908	1466
TDRA000000006760	BRUSSEL, KB : IV 91	1470
TDRA000000016215	MONTREAL, MU : 109	1510
TDRA000000000477	UTRECHT, MCC : BMH 57	14??
TDRA000000004611	KOPENHAGEN, KB : Thott 551 Qu.	1450/1500
TDRA000000009490	AMSTERDAM, BPH : BPH 36	1410/1420
TDRA000000011036	BALTIMORE, WAG : W. 183	1460/1470
TDRA000000003354	'S-GRAVENHAGE, KB : 133 F 20	1450/1500
TDRA000000008201	'S-GRAVENHAGE, KB : 76 F 15	1450
TDRA000000007126	BALTIMORE, WAG : W. 197	1460
TDRA000000003340	'S-GRAVENHAGE, KB : 131 G 1	1489
TDRA000000006576	WENEN, ONB : Series Nova 13239	1480
TDRA000000005719	KAAPSTAD, NLSA : Grey 3 b 8	14??
TDRA000000016017	LEHMAN (New York) : z.s.	1510
TDRA000000002704	'S-GRAVENHAGE, KB : 71 J 76	1450/1500
TDRA000000006589	MAGGS Bros. (Londen) : Cat. 9/1975, nr. 3	
TDRA000000014833	Olim CHRISTIE'S (Londen) : Cat. 1972-06-28, nr. 19	1450
TDRA000000011977	AUCKLAND, SJC : 48	1425/1475
TDRA000000011963	EGE (Cleveland) : 51	14??
TDRA000000007196	BALTIMORE, WAG : W. 270	1440/1450
TDRA000000009839	OXFORD, BL : Latin liturgical f.3	1380/1381
TDRA000000003327	'S-GRAVENHAGE, KB : 132 G 38	1485/1490
TDRA000000011051	BALTIMORE, WAG : W. 178	1500
TDRA000000014129	Olim TE WINKEL (Amsterdam) : 3	15??
TDRA000000003333	'S-GRAVENHAGE, KB : 133 H 17	1475/1500
TDRA000000007155	BRUSSEL, KB : 4483	14??
TDRA000000004474	OXFORD, BL : Rawlinson Liturg. f 38	1503
TDRA000000004306	CAMBRIDGE, FM : 2-1960	
TDRA000000016064	DARMSTADT, HLHB : 928	
TDRA000000013493	Olim DENIE (Antwerpen) : Cat. 1951 nr. 156	14??
TDRA000000004689	BALTIMORE, WAG : W. 170	1430/1440
TDRA000000015790	CLEVELAND, MA : s.o.	
TDRA000000005583	HAMBURG, SUB : Theol. 2058	1475/1500
TDRA000000009391	CHICAGO, UL : BX.2160.A.1.14	1470/1480
TDRA000000010818	Olim SCRIVE (Lille) : z.n.	1500
TDRA000000002549	Olim WARSCHAU, BN : Petersburg, Goll. O.v.I, 7 (verloren)	1435
TDRA000000015035	Olim SCHINKEL ('s-Gravenhage) : Cat. 1864, nr. 30	14??
TDRA000000010165	DUBLIN, TC : 107	1450/1500
TDRA000000012014	SAN MARINO, HL : HM 1162	1526/1539
TDRA000000000404	'S-GRAVENHAGE, MM : 10 F 23	1470/1490
TDRA000000006713	GOTHA, LB : Membr. II 137	1440/1460
TDRA000000010171	JERUZALEM, JNUL : Var. 312/2	1450/1500
TDRA000000001685	BRUSSEL, KB : IV 94	1510
TDRA000000001861	BRUSSEL, KB : IV 999	1470/1490
TDRA000000015800	Olim GETZ (Beverly Hills) : 18	14??
TDRA000000003051	BERLIJN, SBB-PK : Germ. Oct. 381	
TDRA000000010039	BRUGGE, SB : 675	14??/15??
TDRA000000009226	LONDEN, BL : Harley 2921	14??
TDRA000000010777	BALTIMORE, WAG : W. 435	1490
TDRA000000009232	PARIJS, BN : Lat. 14829	
TDRA000000010763	BALTIMORE, WAG : W. 279	1470
TDRA000000007579	BARCELONA, BC : 1849	1475/1500
TDRA000000006667	BRUSSEL, KB : IV 145	1470
TDRA000000003290	'S-GRAVENHAGE, KB : 76 G 12	1480/1500
TDRA000000004299	CAMBRIDGE, FM : 270	15??
TDRA000000015380	BALTIMORE, WAG : W. 255	1460
TDRA000000011858	Olim BUTE : 94	1460/1480
TDRA000000003284	'S-GRAVENHAGE, KB : 75 H 48	1450/1500
TDRA000000014920	LUIK, UB : Wittert 19	14??
TDRA000000013901	Olim VAN DER LINDE : Cat. 1864, nr. 199	14??
TDRA000000013915	DEVENTER, SAB : 101 N 32 KL	1480
TDRA000000011864	Olim BUTE : 96	1460/1480
TDRA000000016138	Olim DE VOS (Scheldewindeke) : 1	1475/1500
TDRA000000013054	PARIJS, BA : 283	1474
TDRA000000014713	BALTIMORE, JHU : De Ricci 4	1490/1500
TDRA000000004272	CAMBRIDGE, FM : 6 G 9	1480
TDRA000000011119	BRUGGE, SB : 332	14??
TDRA000000010561	BRUSSEL, KB : IV 320	1420/1430
TDRA000000010206	LEEDS, UL : Brotherton 14	1450/1500
TDRA000000011118	BRUGGE, SB : 331	14??
TDRA000000002602	ANTWERPEN, MPM : M. 14.16	1470/1490
TDRA000000015418	LONDEN, GL : 325	
TDRA000000009031	WALTON (Covington, Virginia, USA) : A 1015	1450
TDRA000000014712	PRINCETON, UL : Garrett 60	1460
TDRA000000014074	KAAPSTAD, NLSA : Kotze	
TDRA000000008313	NIJMEGEN, UB : 457	1475/1500
TDRA000000012439	Olim ARENBERG : 25	14??
TDRA000000005145	AMSTERDAM, UB : XXI C 5	1472
TDRA000000013914	Olim VAN DER LINDE : Cat. 1864, nr. 218	14??
TDRA000000007975	BRUSSEL, KB : IV 1113	1445
TDRA000000013900	Olim VAN DER LINDE : Cat. 1864, nr. 198	14??
TDRA000000013928	Olim VAN DER LINDE : Cat. 1864, nr. 242	15??
TDRA000000015381	BALTIMORE, WAG : W. 332	1510
TDRA000000014935	Olim VAN HUFFEL (Utrecht) : Cat. 1951-12-12/18, nr. 2067	14??
TDRA000000010762	BALTIMORE, WAG : W. 196	1470
TDRA000000006666	BRUSSEL, KB : IV 95	1475
TDRA000000009555	AMSTERDAM, BPH : BPH 183	1480/1490
TDRA000000007578	BALTIMORE, WAG : W. 158	
TDRA000000009541	AMSTERDAM, BPH : ICN 163	1475/1500
TDRA000000015154	LONDEN, BL : Add. 35319	1505/1539
TDRA000000011332	Olim KETELE (Oudenaarde) : Cat. 11	14??
TDRA000000006128	MÜNSTER, UB : 781	1500
TDRA000000015801	Olim GETZ (Beverly Hills) : 22	1400/1425
TDRA000000001860	BRUSSEL, KB : IV 997	1425
TDRA000000015815	PORTSMOUTH, PP : 1	14??
TDRA000000001848	BRUSSEL, KB : IV 858	1470/1490
TDRA000000007593	BIRMINGHAM, PL 091/MED/: 5	1425/1475
TDRA000000001684	BRUSSEL, KB : IV 93	1433
TDRA000000000363	NIJMEGEN, UB : 314	1450/1480
TDRA000000010170	JERUZALEM, JNUL : Yah. Var. 9	1450/1500
TDRA000000009435	PARTICULIERE COLLECTIE (Nederland) : z.s.	1400/1450
TDRA000000004677	NEW YORK, PML : H 2	1488
TDRA000000012015	SAN MARINO, HL : HM 1164	1500/1525
TDRA000000015034	Olim SIX VAN HILLEGOM (Amsterdam) : Cat. 1928 nr. 217	
TDRA000000004139	BRUSSEL, KB : II 4946	14??
TDRA000000012983	MILAAN, BT : 485	
TDRA000000010158	OXFORD, QC : 210	1400/1450
TDRA000000006909	ANTWERPEN, RG : Misc. 26	1500
TDRA000000008930	Olim NIJMEGEN, CARMEL : 3	
TDRA000000016298	Olim CHRISTIE'S (Londen) : Cat. 2011-11-23, 8002	1425
TDRA000000015791	LONDEN, BL : Add. 38126	1480/1490
TDRA000000006921	AMSTERDAM, UB : V A 57	1425/1450
TDRA000000013492	Olim DENIE (Antwerpen) : Cat. 1951 nr. 155	14??
TDRA000000005596	Olim AMSTERDAM, MA : z.n.	1491
TDRA000000004307	CAMBRIDGE, FM : 2-1969	
TDRA000000015578	LONDEN, BL : Egerton 3044	1325/1375
TDRA000000004475	OXFORD, BL : Rawlinson Liturg. g 4	1489
TDRA000000011050	BALTIMORE, WAG : W. 434	1500
TDRA000000003326	'S-GRAVENHAGE, KB : 74 H 8	1425/1475
TDRA000000011044	BALTIMORE, WAG : W. 229	1470
TDRA000000013860	Olim TRAU (Wenen) : Cat. 1905 nr. 54	1500/1525
TDRA000000011911	Olim SOTHEBY'S (Londen) : Cat. 1992-12-07, nr.10	1440
TDRA000000005970	DEVENTER, SAB : 2000 D 19 KL	1430/1450
TDRA000000007801	STRATTON, DA : 26529	1400/1425
TDRA000000013874	BERLIJN, SBB-PK : Germ. Oct. 451	1450/1500
TDRA000000007197	NEW YORK, PML : 421	
TDRA000000007195	CHICAGO, NL : 35	1455
TDRA000000004488	LONDEN, BL : Arundel 294	1450/1500
TDRA000000007817	BRUSSEL, KB : IV 441	1475/1500
TDRA000000005972	Olim TE WINKEL (Amsterdam) : z.s.	1480
TDRA000000011052	BALTIMORE, WAG : W. 423	1500/1510
TDRA000000002748	'S-HEERENBERG, HB : 9	1480
TDRA000000015220	HOUSTON, PL : 6	1500
TDRA000000003324	'S-GRAVENHAGE, KB : 131 G 5	1450/1475
TDRA000000005755	LEUVEN, TF : Mechelen 16	1465
TDRA000000010416	'S-GRAVENHAGE, KB : z.s.	1450/1475
TDRA000000002760	'S-HEERENBERG, HB : 29	1460
TDRA000000006937	AMSTERDAM, BPH : 152	1410
TDRA000000002589	ANTWERPEN, MPM : M. 14.7	1489
TDRA000000015793	Olim DE GHELDERE (Couckelare) : 2 (BNM)	
TDRA000000010827	OSGOOD GROVER : z.s.	1424
TDRA000000010199	LAMPETER, SDUC : 6	1475/1500
TDRA000000009392	BALTIMORE, WAG : W. 195	1470
TDRA000000008932	WEERT, MRK : 17	
TDRA000000006710	CAMBRIDGE, UL : Add. 6689	
TDRA000000005219	Olim NESTLE (Frankfurt) : 5	1430/1450
TDRA000000016265	AUSTIN, HRHRC : Pre-1700 Manuscripts 3	1450/1500
TDRA000000012017	SAN MARINO, HL : HM 1200	1425/1475
TDRA000000015817	PROVIDENCE, BUL : 4	1490
TDRA000000011324	Olim QUARITCH (Londen) : Cat. 801 nr. 221	1475/1500
TDRA000000001651	DEVENTER, SAB : Hs. I, 72 (101 D 14 KL)	1453
TDRA000000009219	BRUGGE, PM : O.P. 3.I	1500
TDRA000000009557	AMSTERDAM, BPH : BPH 184	1500
TDRA000000004715	DARMSTADT, HLHB : 1872	1475
TDRA000000009231	PARIJS, BA : 424	1493
TDRA000000010760	BALTIMORE, WAG : W. 173	144?
TDRA000000007208	MADRID, BN : Res. 149	
TDRA000000000567	ROTTERDAM, GB : 96 E 6	1510/1520
TDRA000000012163	CLEVELAND, MA : TR 12.828/28	1470/1490
TDRA000000014923	WARBURG (New York) : 2	1460
TDRA000000002827	PARIJS, BN : Néerl. 29	14??
TDRA000000005184	NIJMEGEN, JBB : 5000 MS 14 BK	1440
TDRA000000003293	'S-GRAVENHAGE, KB : 133 D 2	1480/1500
TDRA000000013916	Olim VAN DER LINDE : Cat. 1864, nr. 220	14??
TDRA000000013902	Olim VAN DER LINDE : Cat. 1864, nr. 200	14??
TDRA000000011873	Olim WITTEN (Southport) : Cat. 18, nr. 29	1465/1470
TDRA000000014738	Olim QUARITCH (Londen) : Cat. 699 nr. 83	1500
TDRA000000011898	Olim ABBEY (Londen) : 7395	1470/1475
TDRA000000005153	UTRECHT, MCC : BMH SJ 161	1450/1500
TDRA000000004259	CAMBRIDGE, FM : 6 G 11	1500/1510
TDRA000000010562	MILAAN, BT : 470	1470
TDRA000000003278	'S-GRAVENHAGE, KB : 133 D 15	1430
TDRA000000010204	LEEDS, UL : Brotherton 9	1475/1500
TDRA000000006472	UTRECHT, UB : 3 L 12 (4)	1400/1450
TDRA000000009999	PARTICULIERE COLLECTIE : z.s.	1468
TDRA000000004265	CAMBRIDGE, FM : 6 G 16	1510/1520
TDRA000000009027	Olim SIX VAN HILLEGOM (Amsterdam) : Cat. 1928 nr. 205	1450/1500
TDRA000000006314	LEUVEN, UB : 5	1430/1440
TDRA000000014711	PRINCETON, UL : Garrett 58	1505
TDRA000000001320	LEIDEN, UB : LTK 288	1450/1500
TDRA000000004258	CAMBRIDGE, FM : 6 G 10	1460
TDRA000000014739	Olim QUARITCH (Londen) : Cat. 716 nr. 311	14??
TDRA000000013903	Olim VAN DER LINDE : Cat. 1864, nr. 201	14??
TDRA000000005807	PARIJS, BM : 500	1440
TDRA000000011872	Olim TENNER (Heidelberg) : Cat. 143 nr. 8	1425/1475
TDRA000000014936	BRUSSEL, KB : 5070	14??
TDRA000000003292	'S-GRAVENHAGE, KB : 71 G 52	1480/1490
TDRA000000003286	'S-GRAVENHAGE, KB : 131 H 40	1470
TDRA000000015382	BALTIMORE, WAG : W. 330	1510
TDRA000000004700	BALTIMORE, WAG : W. 185	1410/1415
TDRA000000007209	DOORNIK, SB : 122	
TDRA000000001678	BRUSSEL, KB : IV 31	1510
TDRA000000009542	AMSTERDAM, BPH : ICN 164	1448
TDRA000000005378	MÜNCHEN, BSB : Cgm 162	1475/1500
TDRA000000006665	CHICAGO, NL : 39	1460
TDRA000000008648	PARIJS, BN : Nouv. acq. Lat. 3055	1407/1419
TDRA000000010761	BALTIMORE, WAG : W. 246	1440/1450
TDRA000000014507	Olim DEVROE EN STUBBE (Brussel) : nr. 663	14??
TDRA000000007235	MADRID, BN : Vit. 25-5	
TDRA000000009218	OXFORD, BL : Douce 112	1500/1525
TDRA000000013254	Olim ALBERDINGK THIJM (Amsterdam) : Cat. 1890, nr. 1371	1450/1500
TDRA000000004674	NEW YORK, PML : M. 1031	1450/1475
TDRA000000012016	SAN MARINO, HL : HM 1174	1475/1500
TDRA000000004112	BRUSSEL, KB : II 3490	1510
TDRA000000005218	FRANKFURT, HM : C 90/164, 760/63	
TDRA000000014473	Olim DE VRIES (Amsterdam) : z.s.	1525
TDRA000000006739	ROTHSCHILD (Waddesdon Manor) : 9	1460
TDRA000000015037	Olim SCHINKEL ('s-Gravenhage) : Cat. 1864, nr. 17	14??
TDRA000000009393	OXFORD, BL : Buchanan e.18	1450/1475
TDRA000000008933	WEERT, MRK : 21	
TDRA000000015976	LUIK, UB : Wittert 25	14??
TDRA000000002588	ANTWERPEN, MPM : M. 14.13	14??
TDRA000000004310	CAMBRIDGE, FM : McClean 93	14??
TDRA000000003325	'S-GRAVENHAGE, KB : 131 G 4	1460/1470
TDRA000000005740	LUIK, UB : Wittert 32	1440
TDRA000000015235	LONDEN, BL : Arundel 316	14??
TDRA000000007802	STRATTON, DA : 26530	1400/1415
TDRA000000005967	AMSTERDAM, UB : BH 966	1425/1475
TDRA000000004489	OXFORD, BL : Dutch e 1	
TDRA000000007194	NEW YORK, PML : M. 25	
TDRA000000005963	WEIMAR, HAAB : Oct. 83	1440/1450
TDRA000000011916	Olim SOTHEBY'S (Londen) : Cat. 1992-12-07, nr.58	1400
TDRA000000009181	Olim ABBEY (Londen) : 7122	1252
TDRA000000005793	LISSABON, MCG : LA 148	1395/1400
TDRA000000007609	BOSTON, UL : Endowment Collection 8	1484
TDRA000000004466	LONDEN, BL : Sloane 2692	1450/1475
TDRA000000014675	'S-GRAVENHAGE, KB : 131 H 8	1475/1500
TDRA000000003309	'S-GRAVENHAGE, KB : 133 E 18	
TDRA000000015231	CHICAGO, AI : 23.290	14??
TDRA000000002995	BERLIJN, SBB-PK : Germ. Qu. 18	1485/1490
TDRA000000005744	LUIK, UB : Wittert 36	1450/1460
TDRA000000008274	Olim SOTHEBY'S (Londen) : Cat. 1928-05-21, nr.30	14??
TDRA000000003321	'S-GRAVENHAGE, KB : 74 G 30	1489
TDRA000000011043	BALTIMORE, WAG : W. 266	1460/1470
TDRA000000009397	OXFORD, BL : Canonici Liturg. 108	1470
TDRA000000015796	Olim GETZ (Beverly Hills) : 11	14??
TDRA000000010188	VENETIE, BC : V, 149	1400/1450
TDRA000000013495	Olim DENIE (Antwerpen) : Cat. 1951 nr. 158	14??
TDRA000000006926	AMSTERDAM, BPH : ICN 145	1475/1500
TDRA000000003679	BRUSSEL, KB : 2992-93	1450/1500
TDRA000000010163	Olim SOTHEBY'S (Londen) : Cat. 1989-06-19, nr. 3017	
TDRA000000012012	SAN MARINO, HL : HM 1149	1500/1525
TDRA000000014463	'S-HEERENBERG, HB : 12	1450
TDRA000000012984	MILAAN, BT : 461	1475/1500
TDRA000000015033	Olim SIX VAN HILLEGOM (Amsterdam) : Cat. 1928 nr. 216	1520
TDRA000000005220	NESTLE (Frankfurt) : 8	1460/1470
TDRA000000015027	Olim SIX VAN HILLEGOM (Amsterdam) : Cat. 1928 nr. 201	14??
TDRA000000012748	KOPENHAGEN, KB : Thott 542 Qu.	1500
TDRA000000001734	BRUSSEL, KB : IV 271	1488
TDRA000000001873	BRUSSEL, KB : IV 1096	1420
TDRA000000004937	Olim UTRECHT, ABM : DEVENTER PK 1 (verloren)	1400/1450
TDRA000000007594	BIRMINGHAM, PL 091/MED/: 8	1492/1503
TDRA000000013287	Olim MULLER (Amsterdam) : Cat. 1922-05-24, nr. 6	1475/1500
TDRA000000007219	BALTIMORE, WAG : W. 208	1470
TDRA000000010765	BALTIMORE, WAG : W. 176	1500
TDRA000000005368	MÜNCHEN, BSB : Cgm 106	1425/1475
TDRA000000009220	MODENA, BE : Lat. 39	1500/1525
TDRA000000000562	ROTTERDAM, GB : 96 F 1	1425/1450
TDRA000000012166	RENSSEN (Arnhem) : z.s.	1470/1490
TDRA000000010759	BALTIMORE, WAG : W. 719	1450
TDRA000000006891	BRUGGE, SB : 333	1425/1450
TDRA000000004738	DARMSTADT, HLHB : 1892	1470
TDRA000000001640	DEVENTER, SAB : Hs. I, 61 (11 L 1 KL)	14??
TDRA000000013913	Olim VAN DER LINDE : Cat. 1864, nr. 216	14??
TDRA000000011876	Olim CHRISTIE'S (Londen) : Cat. 1984-12-13, nr.135	1450
TDRA000000013907	Olim VAN DER LINDE : Cat. 1864, nr. 209	14??
TDRA000000007782	CHANTILLY, MC : 1595	1500
TDRA000000003296	'S-GRAVENHAGE, KB : 131 G 7	1457
TDRA000000009036	STOCKHOLM, NM : B 1646	1430
TDRA000000014715	PRINCETON, UL : Garrett 50	1470
TDRA000000003269	'S-GRAVENHAGE, KB : 128 G 32	1500
TDRA000000011889	Olim SOTHEBY'S (Londen) : Cat. 1984-12-11, nr.3	1500
TDRA000000011888	Olim SOTHEBY'S (Londen) : Cat. 1984-12-11, nr.2	14??
TDRA000000015422	LONDEN, RCMS : 6	14??
TDRA000000009023	MÜLLER (Calbe a.d. unteren Milde) : z.s.	1450/1500
TDRA000000003268	'S-GRAVENHAGE, KB : 133 D 18	
TDRA000000014714	WARDER (Baltimore) : 14	14??
TDRA000000015378	GENT, RA : Varia D	
TDRA000000004513	LONDEN, BL : Harley 2954	1450/1500
TDRA000000003297	'S-GRAVENHAGE, KB : 133 E 19	1480
TDRA000000007783	CHESTER, CATHEDRAL : 3	1425/1475
TDRA000000014927	BRUSSEL, KB : 5849	14??
TDRA000000013906	Olim VAN DER LINDE : Cat. 1864, nr. 206	14??
TDRA000000013912	Olim VAN DER LINDE : Cat. 1864, nr. 215	14??
TDRA000000011334	Olim BOEKENOOGEN (Amsterdam) : 7	1475/1500
TDRA000000008665	PARIJS, BN : Lat. 1364	1400
TDRA000000004739	DARMSTADT, HLHB : 1852	1470
TDRA000000010758	BALTIMORE, WAG : W. 172	1450/1460
TDRA000000009221	VERONA, BC : V 48	1500
TDRA000000010764	BALTIMORE, WAG : W. 272	1470/1480
TDRA000000005369	MÜNCHEN, BSB : Cgm 108	14??
TDRA000000009553	AMSTERDAM, BPH : BPH 182	1480/1490
TDRA000000007595	BLACKBURN, MAG : 091.21035	1425/1475
TDRA000000012749	STOCKHOLM, KB : A 228	1500/1525
TDRA000000015026	Olim SIX VAN HILLEGOM (Amsterdam) : Cat. 1928 nr. 198	1490
TDRA000000009433	AMSTERDAM, BPH : ICN 148	1430/1460
TDRA000000005209	FRANKFURT, MKH : Linelsammlung LM 42	1490/1500
TDRA000000004671	NEW YORK, PML : M. 917	1440/1445
TDRA000000012013	SAN MARINO, HL : HM 1157	1475/1500
TDRA000000006072	AMSTERDAM, BPH : BPH 57	
TDRA000000004665	OSNABRÜCK, BA : 4	1500
TDRA000000012007	SAN MARINO, HL : HM 1136	1450/1500
TDRA000000006927	'S-GRAVENHAGE, KB : 130 E 33	1450
TDRA000000013494	Olim DENIE (Antwerpen) : Cat. 1951 nr. 157	14??
TDRA000000010823	PARTICULIERE COLLECTIE (Australië) : Wollstonecraft 152	14??
TDRA000000015797	Olim GETZ (Beverly Hills) : 13	14??
TDRA000000005584	HAMBURG, SUB : Theol. 2194	1450/1600
TDRA000000010189	VENETIE, BC : V, 16	1400/1450
TDRA000000003320	'S-GRAVENHAGE, KB : 133 D 1	1475/1500
TDRA000000008275	HANNOVER, NLB : I 83	1450/1500
TDRA000000011042	BALTIMORE, WAG : W. 184	1460/1470
TDRA000000002758	'S-HEERENBERG, HB : 25	1460/1470
TDRA000000005745	LUIK, UB : Wittert 37	14??
TDRA000000003334	'S-GRAVENHAGE, KB : 132 G 37	1475/1500
TDRA000000016077	Olim SOTHEBY'S (Londen) : Cat. 1967-12-12, nr.59	1425/1475
TDRA000000004473	OXFORD, BL : Rawlinson liturg. f 8	1475/1500
TDRA000000004315	CAMBRIDGE, FM : McClean 98	15??
TDRA000000014106	Olim HIERSEMANN (Leipzig) : Cat. 487 nr. 86	14??
TDRA000000014674	PHILADELPHIA, RBLC : 10	13??
TDRA000000010412	BERGEN, SC : 65	1500
TDRA000000016063	'S-GRAVENHAGE, KB : 79 K 5	1489
TDRA000000004498	LONDEN, BL : Harley 1662	14??
TDRA000000007813	BRUSSEL, KB : IV 419	13??/14??
TDRA000000011917	Olim SOTHEBY'S (Londen) : Cat. 1992-12-07, nr.62	1425/1475
TDRA000000011915	Olim SOTHEBY'S (Londen) : Cat. 1992-12-07, nr.57	1400/1450
TDRA000000007839	EDINBURGH, UL : 312	1450/1500
TDRA000000005948	'S-GRAVENHAGE, KB : 77 L 45	1410/1415
TDRA000000011929	Olim CHRISTIE'S (Londen) : Cat. 1987-12-02, nr.40	1472
TDRA000000010389	PRINCETON, UL : Garrett 57	1490/1500
TDRA000000004471	OXFORD, BL : Rawlinson Liturg. f 8*	1475/1500
TDRA000000016075	Olim LAMBIN (Ieper) : Cat. 1841, nr. 17	1534
TDRA000000006272	Olim LEUVEN, UB : G 94 (verloren)	
TDRA000000004465	LONDEN, BL : Sloane 2601	14??
TDRA000000015568	INNSBRUCK, UB : s.o.	
TDRA000000004303	CAMBRIDGE, FM : 348	1442
TDRA000000011040	BALTIMORE, WAG : W. 179	1460/1470
TDRA000000015554	Olim VAN DER FEER LADER (Baarn) : 3 (BNM)	1400/1450
TDRA000000011054	BRUSSEL, KB : 10392	1370/1400
TDRA000000015232	CHICAGO, AI : 23.419	1470
TDRA000000009394	PARIJS, BN : Nouv. Acq. Fr. 16238	1460/1467
TDRA000000008934	OMAHA, CU : Rare Book Room BQT 4278 1301	14??
TDRA000000012978	MILAAN, BT : 471	
TDRA000000010809	Olim SCHINKEL ('s-Gravenhage) : Cat. 1864, nr. 14	1473
TDRA000000010821	CLAREMONT, HL : Crispin 22	1470/1480
TDRA000000013496	Olim DENIE (Antwerpen) : Cat. 1951 nr. 159	14??
TDRA000000003685	BRUSSEL, KB : 3014-15	14??
TDRA000000006925	AMSTERDAM, BPH : ICN 137	1480/1500
TDRA000000015795	Olim EGE (Cleveland) : 71	14??
TDRA000000012011	SAN MARINO, HL : HM 1148	1480
TDRA000000014460	'S-HEERENBERG, HB : 32	1460
TDRA000000004673	NEW YORK, PML : M. 945	1440/1445
TDRA000000013469	BRUSSEL, KB : II 460	1500/1579
TDRA000000010160	Olim SOTHEBY'S (Londen) : Cat. 1985-06-25, nr. 105	
TDRA000000007408	BRUSSEL, KB : IV 1258	1500
TDRA000000014474	BERLIJN, KK : Cim. 25	1482
TDRA000000015030	Olim SIX VAN HILLEGOM (Amsterdam) : Cat. 1928 nr. 208	1475/1500
TDRA000000005223	FRANKFURT, SUB : Praed. 12	1510
TDRA000000010148	OXFORD, LC : 149	1450/1475
TDRA000000003915	BRUSSEL, KB : 18270	15??
TDRA000000006879	WENEN, ONB : 1984	1520/1530
TDRA000000010799	PARTICULIERE COLLECTIE (Duitsland) : z.s.	1459
TDRA000000000207	GENT, UB : 1353	1394
TDRA000000010766	BALTIMORE, WAG : W. 431	1490/1500
TDRA000000010996	LOS ANGELES, PGM : Ludwig IX 17	1500
TDRA000000004049	BRUSSEL, KB : II 1332	1510
TDRA000000000549	ROTTERDAM, GB : 96 E 14	1432/1500
TDRA000000008115	Olim STERCK (Aerdenhout) : 12	
TDRA000000013253	Olim ALBERDINGK THIJM (Amsterdam) : Cat. 1890, nr. 1373	14??
TDRA000000013904	Olim VAN DER LINDE : Cat. 1864, nr. 203	14??
TDRA000000002809	LEEUWARDEN, PBF : Hs. 290	1503/1525
TDRA000000005800	PARIJS, BA : 8223	14??
TDRA000000011861	Olim BUTE : 96	1460
TDRA000000014931	WARBURG (New York) : 15	1510
TDRA000000011691	KETTERER KUNST (Hamburg) : Cat. Auktion 231 (28/29-05-1999) nr. 21	1480
TDRA000000004288	CAMBRIDGE, FM : 146	1475/1525
TDRA000000010216	LIVERPOOL, UL : Radcliffe 5	1425/1475
TDRA000000004263	WEERT, GM : CMW 2	1477
TDRA000000014716	PRINCETON, UL : Garrett 53	1470
TDRA000000004511	OXFORD, BL : Douce 219-220	1480
TDRA000000002606	'S-GRAVENHAGE, KB : 135 C 4	
TDRA000000010202	LEEDS, UL : Brotherton 3	1425/1475
TDRA000000005141	AMSTERDAM, UB : VIII D 26	1467
TDRA000000015434	SIGMARINGEN, FHM : 48	
TDRA000000009009	XANTEN, SPA : 101	
TDRA000000001333	LEIDEN, UB : LTK 301	1500/1550
TDRA000000001332	LEIDEN, UB : LTK 300	1450/1500
TDRA000000003257	'S-GRAVENHAGE, KB : 76 G 17	1300/1310
TDRA000000007031	NEW YORK, PML : M. 304	1450
TDRA000000007019	ENSCHEDE, RT : Inv. 18A	1490
TDRA000000010203	LEEDS, UL : Brotherton 6	1450/1500
TDRA000000005168	UTRECHT, MCC : BMH 166	14??
TDRA000000004262	WEERT, GM : CMW 1	1475/1500
TDRA000000006475	UTRECHT, UB : 15 C 9	1440/1460
TDRA000000014924	BRUSSEL, KB : IV 179	1410
TDRA000000003280	'S-GRAVENHAGE, KB : 74 H 42	1460/1480
TDRA000000014930	WARBURG (New York) : 12	1510
TDRA000000003294	'S-GRAVENHAGE, KB : 72 J 7	1450/1500
TDRA000000011860	Olim BUTE : 96	1430/1450
TDRA000000009949	WARE, SEC : 333	1475/1500
TDRA000000013252	Olim ALBERDINGK THIJM (Amsterdam) : Cat. 1890, nr. 1372	14??
TDRA000000007233	LONDEN, VAM : G. G. 25	
TDRA000000006663	BRUSSEL, KB : IV 35	1460
TDRA000000009550	AMSTERDAM, BPH : BPH 176	1430/1440
TDRA000000003069	BERLIJN, SBB-PK : Germ. Oct. 472 (79)	1475/1500
TDRA000000010798	PARTICULIERE COLLECTIE (Duitsland) : z.s.	1440
TDRA000000010149	OXFORD, SJC : 82	1450/1475
TDRA000000005222	'S-GRAVENHAGE, KB : 74 F 2	1481
TDRA000000006071	AMSTERDAM, UB : V J 10	1465
TDRA000000004666	NEW YORK, PML : M. 349	1440
TDRA000000012010	SAN MARINO, HL : HM 1144	1425/1475
TDRA000000009356	LUIK, UB : 3591	1520/1558
TDRA000000013468	BRUSSEL, KB : II 459	14??
TDRA000000004114	BRUSSEL, KB : II 3636	15??
TDRA000000010834	'S-GRAVENHAGE, KB : 133 D 11	1525
TDRA000000005593	HAMBURG, KK : 10	
TDRA000000006924	AMSTERDAM, BPH : ICN 132	1475/1500
TDRA000000013497	Olim DENIE (Antwerpen) : Cat. 1951 nr. 160	14??
TDRA000000012979	MILAAN, BT : 465	
TDRA000000008935	ORANGE, SMA : s.o.	1475/1500
TDRA000000003337	'S-GRAVENHAGE, KB : 74 G 3	1475/1500
TDRA000000011041	BALTIMORE, WAG : W. 180	1460/1470
TDRA000000003323	'S-GRAVENHAGE, KB : 133 D 3	1475/1490
TDRA000000004316	CAMBRIDGE, FM : McClean 99	1526
TDRA000000014105	Olim HIERSEMANN (Leipzig) : Cat. 487 nr. 85	14??
TDRA000000002767	'S-HEERENBERG, HB : 74	1510
TDRA000000007192	MADRID, BN : Vit. 25-4	
TDRA000000011928	Olim CHRISTIE'S (Londen) : Cat. 1987-12-02, nr.39	1425/1475
TDRA000000013859	Olim TRAU (Wenen) : Cat. 1905 nr. 50	14??
TDRA000000007838	EDINBURGH, UL : 305	1450/1500
TDRA000000007810	DURHAM, CL : Hunter 98	1425/1475
TDRA000000007804	STRATTON, DA : 33554	1400/1425
TDRA000000005975	OXFORD, BL : Cat. 3083	
TDRA000000014878	Olim CYVERT : Cat. 1808, nr. 82	1502
TDRA000000008289	HEIDELBERG, UB : Salem IX f	
TDRA000000007809	DURHAM, BM : 091 MED 9	1425/1475
TDRA000000014875	CAMBRIDGE, MHS : Wat. D.V.3	1500
TDRA000000003306	'S-GRAVENHAGE, KB : 133 H 7	1425/1475
TDRA000000007174	BRUSSEL, KB : II 641	
TDRA000000009171	CAMBRIDGE, FM : 288	1270
TDRA000000004455	OXFORD, BL : Marshall 123	1450/1500
TDRA000000013897	Olim VAN DER LINDE : Cat. 1864, nr. 204	14??
TDRA000000006524	WENEN, ONB : Series Nova 4254	
TDRA000000010805	PARTICULIERE COLLECTIE (Duitsland) : z.s.	1470
TDRA000000009398	LONDEN, BL : Yates Thompson 4	1460
TDRA000000010811	NEW YORK, PML : M. 696	1540
TDRA000000010187	TENSCHERT (Rotthalmünster) : Cat. 25/1990, nr. 26	
TDRA000000015799	Olim GETZ (Beverly Hills) : 17	14??
TDRA000000014493	BRUSSEL, KB : 10537-40	14??
TDRA000000009429	AMSTERDAM, BPH : ICN 42	14??
TDRA000000012753	CAMBRIDGE, FM : Cat. 146	1500/1525
TDRA000000015982	Olim BORGER (Amsterdam) : Cat. 1777, 8° nr. 13	
TDRA000000012021	SAN MARINO, HL : HM 25773	1475/1500
TDRA000000015028	Olim SIX VAN HILLEGOM (Amsterdam) : Cat. 1928 nr. 202	1475/1500
TDRA000000006732	OXFORD, BL : Rawlinson Liturg. e 14	1430
TDRA000000005367	MÜNCHEN, BSB : Cgm 104	1460/1470
TDRA000000003070	BERLIJN, SBB-PK : Theol. Lat. Qu. 146	1480
TDRA000000003064	BERLIJN, SBB-PK : Germ. Oct. 602	
TDRA000000005373	MÜNCHEN, BSB : Cgm 126	14??
TDRA000000004723	DARMSTADT, HLHB : 1866	1490
TDRA000000010756	BALTIMORE, WAG : W. 164	143?
TDRA000000006120	MÜNSTER, UB : 791	1500/1525
TDRA000000010742	BLOOMINGTON, IU : Ricketts 127	1475/1500
TDRA000000009575	BERLIJN, SBB-PK : Theol. Lat. Qu. 213	1459/1460
TDRA000000006646	BRUSSEL, KB : 9798	1420/1430
TDRA000000014915	PARIJS, BN : Nouv. acq. Lat. 195	
TDRA000000009944	USHAW, SCC : 14	1400/1425
TDRA000000013908	Olim VAN DER LINDE : Cat. 1864, nr. 210	14??
TDRA000000005824	UTRECHT, MCC : ABM 112	1420
TDRA000000014929	WARBURG (New York) : 5	1480
TDRA000000013920	Olim VAN DER LINDE : Cat. 1864, nr. 229	14??
TDRA000000013934	Olim NEDERMEIJER BOSCH : Cat. 1848, nr. 354	
TDRA000000006487	ANTWERPEN, MPM : M. 255	1424
TDRA000000008327	FULDA, LB : Aa 86	1500
TDRA000000008441	Olim SOTHEBY'S (Londen) : Cat. 1971-12-06, nr.55	1450/1500
TDRA000000002178	LEIPZIG, UB : 1516	1400
TDRA000000003266	'S-GRAVENHAGE, KB : 130 E 1	1530
TDRA000000011892	DEVENTER, SAB : 2000 D 21 KL	1490
TDRA000000001459	ENSCHEDE, RT : Inv. 290	1425/1475
TDRA000000002636	'S-GRAVENHAGE, KB : 135 K 11	1430
TDRA000000010232	MANCHESTER, CL : 33667	1475/1500
TDRA000000011886	LEIDEN, UB : BPL 3073	1425/1450
TDRA000000010227	LIVERPOOL, UL : F.2.19	1400/1450
TDRA000000011887	LEIDEN, UB : BPL 3074	1470
TDRA000000004534	LONDEN, BL : Burney 339	
TDRA000000010233	MANCHESTER, PL : G.091.H.2	1425/1475
TDRA000000007997	MULDER (Linde) : Hs. 10	1520
TDRA000000003267	'S-GRAVENHAGE, KB : 76 F 7	1468
TDRA000000009038	TENSCHERT (Rotthalmünster) : Cat. 16, nr.13	1456
TDRA000000003273	'S-GRAVENHAGE, KB : 131 H 3	1472/1500
TDRA000000005602	ANTWERPEN, SB : B 11418	14??
TDRA000000015377	FRAUENFELD, KB : Y 25	14??
TDRA000000007773	CARDIFF, CL : 1370	1491
TDRA000000003298	'S-GRAVENHAGE, KB : 133 G 27	1400/1425
TDRA000000005825	UTRECHT, UB : 5 J 26	1415
TDRA000000013921	Olim VAN DER LINDE : Cat. 1864, nr. 230	14??
TDRA000000006492	UTRECHT, UB : 8 L 20	1475
TDRA000000013909	Olim VAN DER LINDE : Cat. 1864, nr. 213	14??
TDRA000000009951	WORCESTER, CL : Q.103	1475/1500
TDRA000000011878	Olim SOTHEBY'S (Londen) : Cat. 1984-07-03, nr.25	1520/1530
TDRA000000010743	BLOOMINGTON, IU : Ricketts 128	1475/1500
TDRA000000009560	AMSTERDAM, BPH : BPH 192	1510/1515
TDRA000000010757	ABERYSTWYTH, NLW : Add. 494 A	1450
TDRA000000006135	MÜNSTER, UB : 902	1520
TDRA000000004722	DARMSTADT, HLHB : 1894	1493
TDRA000000007203	BRUSSEL, KB : 10531	14??
TDRA000000005372	MÜNCHEN, BSB : Cgm 122	1450/1500
TDRA000000005366	MÜNCHEN, BSB : Cgm 103	1465
TDRA000000003071	BERLIJN, SBB-PK : Theol. Lat. Qu. 166	1425/1450
TDRA000000006109	AMSTERDAM, UB : X E 49	
TDRA000000013289	Olim MULLER (Amsterdam) : Cat. 1922-05-24, nr. 91	1500/1525
TDRA000000010794	PARTICULIERE COLLECTIE (Duitsland) : z.s.	1440
TDRA000000015997	METZ, BM : 1255	1488
TDRA000000012020	SAN MARINO, HL : HM 1344	1500/1525
TDRA000000009400	BALTIMORE, WAG : W. 239	1430/1445
TDRA000000015029	Olim SIX VAN HILLEGOM (Amsterdam) : Cat. 1928 nr. 204	14??
TDRA000000012752	CAMBRIDGE, FM : Cat. 139	1480/1490
TDRA000000010145	BASSANO, BMC : 1564	1400/1425
TDRA000000009414	ALTENBURG, SB : AB 6 D 4	
TDRA000000015015	PHILADELPHIA, FL : Lewis European 109	1537
TDRA000000015954	Olim BIJSTERBOS : Cat. 1899 nr. 3831	14??
TDRA000000002596	ANTWERPEN, MPM : M. 14.18	14??
TDRA000000010192	GLASGOW, UL : Euing 3	1450/1500
TDRA000000010186	MODENA, BE : Lat. 811	1430
TDRA000000015798	Olim GETZ (Beverly Hills) : 16	14??
TDRA000000004695	BALTIMORE, WAG : W. 188	1435
TDRA000000010804	PARTICULIERE COLLECTIE (Duitsland) : z.s.	1470/1480
TDRA000000014135	Olim DE VRIES (Amsterdam) : 5 (BNM)	14??
TDRA000000005038	KEULEN, HA : W Oct. 57	
TDRA000000002757	'S-HEERENBERG, HB : 24	1440/1460
TDRA000000012236	STUTTGART, WLB : Brev. 4	14??
TDRA000000005004	Olim UTRECHT, ABM : 82 (verloren)	
TDRA000000003313	'S-GRAVENHAGE, KB : 130 E 20	1470/1490
TDRA000000003307	'S-GRAVENHAGE, KB : 129 G 1	1425/1475
TDRA000000006519	WENEN, ONB : 1986	
TDRA000000013855	Olim TRAU (Wenen) : Cat. 1905 nr. 38	1450/1500
TDRA000000007188	NEW YORK, PML : M. 6	
TDRA000000011932	Olim VAN ALFEN (Doorn) : 12	
TDRA000000013857	Olim TRAU (Wenen) : Cat. 1905 nr. 42	14??
TDRA000000003311	'S-GRAVENHAGE, KB : 74 G 8	1450/1475
TDRA000000004318	CAMBRIDGE, TC : B 11.22	1300
TDRA000000011073	BRUSSEL, KB : 9484	1410/1415
TDRA000000003305	'S-GRAVENHAGE, KB : 71 G 54	1525/1575
TDRA000000008250	MAAS (Arnhem) : z.s.	1480
TDRA000000014137	Olim DE VRIES (Amsterdam) : 7 (BNM)	1460
TDRA000000010423	Olim SOTHEBY'S (Londen) : Cat. 1937-03-22/24, nr. 85	
TDRA000000014645	Olim SOTHEBY'S (Londen) : Cat. 1995-12-05, nr. 55	15??
TDRA000000005990	BALTIMORE, WAG : W. 782	1445
TDRA000000003339	'S-GRAVENHAGE, KB : 74 G 4	1475/1500
TDRA000000004456	OXFORD, BL : Marshall 125	1475/1500
TDRA000000010806	PARTICULIERE COLLECTIE (Duitsland) : z.s.	1460/1470
TDRA000000010190	CESENA, BM : 3, 176	
TDRA000000003852	BRUSSEL, KB : 12081	1475/1500
TDRA000000002594	ANTWERPEN, MPM : M. 14.17	14??
TDRA000000016293	REISS & SOHN (Königstein) : Cat. 142 (veiling 10-5-2011) nr. 165	1465/1466
TDRA000000015942	BALTIMORE, WAG : W. 337	1512
TDRA000000015771	LÜBECK, SB : Theol. Germ. 89	14??
TDRA000000016278	DEVENTER, SAB : 2000 D 23 KL	1430/1450
TDRA000000006731	KRAUS (New York) : Cat. 117, z.nr.	
TDRA000000010153	OXFORD, QC : 349	1475/1500
TDRA000000000426	UTRECHT, MCC : BMH 14	1460/1470
TDRA000000010635	WENEN, ONB : 1944	1510/1520
TDRA000000012036	Olim FALKNER (Durham) : Cat. 1932-12-12/14, nr.209	14??
TDRA000000009416	PARIJS, BN : Nouv. acq. Lat. 394	
TDRA000000012750	VIRGIN (Qvarnfors) : z.s.	1500
TDRA000000002543	Olim WARSCHAU, BK : 8 (verloren)	1480
TDRA000000008697	LONDEN, SA : 712	14??
TDRA000000010972	ROTHSCHILD (Waddesdon Manor) : 4	1430
TDRA000000015188	LIVERPOOL, UL : F.2.15	1551
TDRA000000005370	MÜNCHEN, BSB : Cgm 112	14??
TDRA000000004708	DARMSTADT, HLHB : 1002	1474
TDRA000000008132	MÜNSTER-ALBACHTEN (Mühlen) : 707	
TDRA000000010741	BLOOMINGTON, IU : Ricketts 126	14??
TDRA000000000552	ROTTERDAM, GB : 96 G 8	1457
TDRA000000010755	BALTIMORE, WAG : W. 215	1400/1415
TDRA000000008481	LEEUWARDEN, PBF : Bruikleen Ottema-Kingma Stichting z.s	1488
TDRA000000009947	USHAW, SCC : 43	1400/1475
TDRA000000005199	FRANKFURT, MKH : Linelsammlung LM 11	
TDRA000000013923	Olim VAN DER LINDE : Cat. 1864, nr. 232	14??
TDRA000000001472	LEIDEN, UB : LTK 1532	1300/1400
TDRA000000003265	'S-GRAVENHAGE, KB : 133 E 13	1500/1525
TDRA000000010219	LIVERPOOL, UL : 12006	1450/1500
TDRA000000011113	BRUGGE, SB : 322	14??
TDRA000000005166	UTRECHT, MCC : BMH 164	1500
TDRA000000003271	'S-GRAVENHAGE, KB : 74 G 35	1440
TDRA000000007017	AMSTERDAM, UBVU : XV 05505	1490/1500
TDRA000000014725	Olim BRILL (Leiden) : z.s.	1500/1525
TDRA000000003259	'S-GRAVENHAGE, KB : 71 J 74	1400/1450
TDRA000000011885	Olim SOTHEBY'S (Londen) : Cat. 1984-07-03, nr.90	1475/1500
TDRA000000009012	Olim CLAES (Antwerpen) : U 5	1470/1490
TDRA000000001328	LEIDEN, UB : LTK 296	1350/1500
TDRA000000002621	'S-GRAVENHAGE, KB : 135 F 1	1475/1500
TDRA000000006453	MÜNCHEN, BSB : Cgm 84	
TDRA000000011891	Olim SOTHEBY'S (Londen) : Cat. 1984-12-11, nr.18	1440/1460
TDRA000000003258	'S-GRAVENHAGE, KB : 76 G 21	1450/1475
TDRA000000005629	HAARLEM, TM : 76	1430
TDRA000000012433	ORANGE, SMA : s.o.	14??
TDRA000000010224	LIVERPOOL, UL : 12039	1425/1475
TDRA000000005167	UTRECHT, MCC : BMH 165	14??
TDRA000000008443	Olim SOTHEBY'S (Londen) : Cat. 1971-12-06, nr.28	1450
TDRA000000011112	BRUGGE, SB : 320	14??/15??
TDRA000000003270	'S-GRAVENHAGE, KB : 131 G 8	1480
TDRA000000014718	Olim ELLIS (Londen) : 3	1510
TDRA000000003264	'S-GRAVENHAGE, KB : 133 E 14	
TDRA000000007764	CAMBRIDGE, HUL : Dutch 13	1428
TDRA000000004286	CAMBRIDGE, FM : 6 G 15	1500
TDRA000000013922	Olim VAN DER LINDE : Cat. 1864, nr. 231	1454
TDRA000000002191	SINT-PETERSBURG, BAN : O 257	1325/1350
TDRA000000010754	BALTIMORE, WAG : W. 88	1300/1310
TDRA000000010740	BLOOMINGTON, IU : Ricketts 125	14??
TDRA000000003072	BERLIJN, SBB-PK : Theol. Lat. Qu. 250	1450
TDRA000000012619	Olim WILMERDING (New York) : 2	1470
TDRA000000005371	MÜNCHEN, BSB : Cgm 115	1460/1475
TDRA000000004709	DARMSTADT, HLHB : 1964	1475
TDRA000000010797	PARTICULIERE COLLECTIE (Duitsland) : z.s.	1430/1440
TDRA000000004090	BRUSSEL, KB : II 2921	14??
TDRA000000008696	LONDEN, ORATORY : 12547	14??
TDRA000000012037	Olim FALKNER (Durham) : Cat. 1932-12-12/14, nr.214A	14??
TDRA000000012751	RÖHSSKA MUSEET (Göteborg) : 2-3/15	1500/1525
TDRA000000010146	OXFORD, SC : 2	1425/1475
TDRA000000008709	LONDEN, JSM : 8	14??
TDRA000000006724	MADRID, BPR : s.o.	14??
TDRA000000010152	OXFORD, MC : 252	1450/1475
TDRA000000006730	KRAUS (New York) : Cat. 159/1981, nr. 13	
TDRA000000010634	WENEN, ONB : 1862	1500
TDRA000000004669	NEW YORK, PML : M. 866	1415/1450
TDRA000000015764	SINT-PETERSBURG, BSS : s.o	
TDRA000000008053	WENEN, ONB : 1897	1503/1513
TDRA000000015002	MEERSBURG, DM : Hülshoff 3	1540
TDRA000000015016	SINT-PETERSBURG, BSS : Goll. O.I, 6	1480
TDRA000000016279	DEVENTER, SAB : 2000 D 18 KL	1485/1490
TDRA000000004696	BALTIMORE, WAG : W. 439	1480/1490
TDRA000000006081	BRUSSEL, KB : 11060-61	1400
TDRA000000010185	PARIJS, MC : 1264	
TDRA000000013498	Olim DENIE (Antwerpen) : Cat. 1951 nr. 164	14??
TDRA000000002595	'S-GRAVENHAGE, KB : 133 M 131	1420/1425
TDRA000000010807	PARTICULIERE COLLECTIE (Duitsland) : z.s.	1475/1480
TDRA000000006526	WENEN, ONB : 1857	1475/1479
TDRA000000012235	STUTTGART, WLB : Brev. 3	1450/1500
TDRA000000005991	SMITH (Karlshamm) : 2	1500
TDRA000000014136	Olim DE VRIES (Amsterdam) : 6 (BNM)	1450/1500
TDRA000000002754	'S-HEERENBERG, HB : 20	1485
TDRA000000008251	'S-GRAVENHAGE, MM : 10 F 13	1479
TDRA000000003304	'S-GRAVENHAGE, KB : 131 H 25	1425/1475
TDRA000000003310	'S-GRAVENHAGE, KB : 131 G 3	1430
TDRA000000007610	BRECHIN, DL : 2	1425/1475
TDRA000000013856	Olim TRAU (Wenen) : Cat. 1905 nr. 39	14??
TDRA000000007837	EDINBURGH, MEC : s.o.	1475/1525
TDRA000000004484	LONDEN, BL : Add. 11432	14??
TDRA000000011923	CHICAGO, NL : 56.1	1425/1475
TDRA000000007827	EDINBURGH, NLS : Nat. Galleries 7129	1425/1475
TDRA000000008282	USHAW, SCC : 10	1408
TDRA000000008296	HEIDELBERG, UB : Trübner 143	1470
TDRA000000003328	'S-GRAVENHAGE, KB : 130 E 5	1480/1490
TDRA000000002036	BOEDAPEST, OSK : Holl. 6	1505
TDRA000000009177	Olim TENNER (Heidelberg) : Cat. 130 nr. 448	1300/1310
TDRA000000005995	LONDEN, VAM : Reid 33	
TDRA000000014898	LUIK, UB : Wittert 15	14??
TDRA000000002744	'S-HEERENBERG, HB : 4	1470/1490
TDRA000000006522	WENEN, ONB : 2005	
TDRA000000011710	BETHLEHEM, UL : 23450	1450/1500
TDRA000000003314	'S-GRAVENHAGE, KB : 131 H 11	1450/1500
TDRA000000004686	BALTIMORE, WAG : W. 168	1435/1460
TDRA000000016282	MULDER (Linden) : Hs. 2	1500
TDRA000000006091	MÜNSTER, UB : N.R. 5502	1503/1525
TDRA000000002591	'S-GRAVENHAGE, KB : 133 M 124	1485/1490
TDRA000000004692	BALTIMORE, WAG : W. 192	14??
TDRA000000010803	PARTICULIERE COLLECTIE (Duitsland) : z.s.	1460/1470
TDRA000000012027	COLOGNY-GENEVE, BB : 180	14??
TDRA000000012741	SIMON (Göteborg) : z.s.	1450/1475
TDRA000000010156	OXFORD, NC : 323	1500/1525
TDRA000000006720	Olim SOTHEBY'S (Londen) : Cat. 1952-05-17/18, nr. 189	
TDRA000000009413	ABERDEEN, UL : 25	1400/1425
TDRA000000005229	'S-GRAVENHAGE, KB : 131 H 23	1466
TDRA000000012033	BOEDAPEST, ADW : K. 536	1450/1500
TDRA000000004651	BREMEN, SUB : C 27	
TDRA000000001729	BRUSSEL, KB : IV 236	14??
TDRA000000006046	'S-GRAVENHAGE, KB : 169 G 57 (Campbell 833)	1484/1490
TDRA000000005215	FRANKFURT, SUB : Germ. Oct. 33	1475/1500
TDRA000000011260	CAMBRIDGE, FM : 3-1954	
TDRA000000010793	PARTICULIERE COLLECTIE (Duitsland) : z.s.	1420/1430
TDRA000000006873	PARIJS, ML : Cabinet des dessins Inv. M. I. 1091	
TDRA000000013259	AMSTERDAM, MA : 454	1480
TDRA000000010778	BALTIMORE, WAG : W. 427	1500
TDRA000000007204	BRUSSEL, KB : II 7605	
TDRA000000015166	NEW HAVEN, YUBL : Marston 120	1500
TDRA000000006495	UTRECHT, UB : 15 C 6	1480/1490
TDRA000000007953	GLASGOW, UL : Gen. 482	1425/1475
TDRA000000013926	Olim VAN DER LINDE : Cat. 1864, nr. 237	14??
TDRA000000014913	Olim WHITNEY-HOFF (Peyrieu) : 4	1450/1500
TDRA000000009942	USHAW, SCC : 11	1450/1500
TDRA000000010220	LIVERPOOL, UL : 12009	1400/1450
TDRA000000004255	CAMBRIDGE, FM : 6 G 6	1470
TDRA000000001339	LEIDEN, UB : LTK 307	
TDRA000000008335	SYRACUSE, BL : Smith 36	1450/1475
TDRA000000003260	'S-GRAVENHAGE, KB : 76 G 22	
TDRA000000011116	BRUGGE, SB : 329	14??
TDRA000000005163	UTRECHT, MCC : BMH 161	1450/1500
TDRA000000003275	'S-GRAVENHAGE, KB : 128 G 34	1500/1525
TDRA000000005162	UTRECHT, MCC : BMH 160	
TDRA000000010209	LEICESTER, UL : 15	1400/1425
TDRA000000007775	CARDIFF, CL : 1371	1425/1475
TDRA000000011117	BRUGGE, SB : 330	14??
TDRA000000004268	CAMBRIDGE, FM : 6 G 14	1470/1480
TDRA000000010235	VENETIE, BC : V, 7	1450/1500
TDRA000000012436	BRYN MAWR, BMC : z.s.	1450/1500
TDRA000000010221	LIVERPOOL, UL : 12020	1450/1500
TDRA000000014912	Olim WHITNEY-HOFF (Peyrieu) : 5	1475/1500
TDRA000000009943	USHAW, SCC : 12	1400/1450
TDRA000000013927	Olim VAN DER LINDE : Cat. 1864, nr. 238	14??
TDRA000000013264	EDINBURGH, NLS : Adv. 18 6 18	14??
TDRA000000008136	STOCKHOLM, KB : A 227	1500/1525
TDRA000000010779	BALTIMORE, WAG : W. 428	1500
TDRA000000013270	LONDEN, BL : Add. 11865	14??
TDRA000000009214	LOS ANGELES, PGM : Ludwig IX 8	1460
TDRA000000015832	Olim KONING (Amsterdam) : Cat. 1828, nr. 120	1500
TDRA000000013476	TOLEDO, MA : 24	14??
TDRA000000005200	FRANKFURT, MKH : Linelsammlung LM 21	1475/1500
TDRA000000006709	CARPENTRAS, BC : 78	
TDRA000000012754	KOPENHAGEN, KB : GKS 1607 Qu.	1500/1525
TDRA000000009412	CAMBRIDGE, FM : 144	1490/1500
TDRA000000006721	LONDEN, VAM : Salting 1221	
TDRA000000015985	Olim SOTHEBY'S (Londen) : Cat. 1949-05-09, nr.297	
TDRA000000004644	KOPENHAGEN, UB : AM 416 Duod.	
TDRA000000014457	Olim HARPER (New York) : Cat. 10 (196X), nr. 2	1420/1430
TDRA000000010802	PARTICULIERE COLLECTIE (Duitsland) : z.s.	1450/1460
TDRA000000008081	LEIDEN, UB : LTK 2074	1490/1500
TDRA000000003842	BRUSSEL, KB : 11798	1500
TDRA000000014494	LUIK, UB : Wittert 22	15??
TDRA000000003315	'S-GRAVENHAGE, KB : 133 E 22	1450/1475
TDRA000000005994	Olim ELLIS (Londen) : 2	1480
TDRA000000008268	HEIDELBERG, UB : Trübner 131	1490
TDRA000000006523	WENEN, ONB : 2003	
TDRA000000014127	AMSTERDAM, SK : H h 154	1425/1475
TDRA000000009162	BALTIMORE, WAG : W. 37	1300/1310
TDRA000000011922	LEIDEN, UB : BPL 3206	1400/1450
TDRA000000013853	Olim TRAU (Wenen) : Cat. 1905 nr. 28	1475/1500
TDRA000000004493	LONDEN, BL : Harley 914	1460/1480
TDRA000000011920	Olim VAN GENDT (Amsterdam) : Cat. 1985-06-12/14, nr.1433	1480
TDRA000000005799	PARIJS, BA : 8221	1500/1550
TDRA000000007830	EDINBURGH, NLS : Nat. Galleries 7133	1425/1475
TDRA000000007818	BRUSSEL, KB : IV 480	1500
TDRA000000002747	'S-HEERENBERG, HB : 7	1480
TDRA000000010343	EDINGEN, CAPUCIJNEN : z.s.	1475/1500
TDRA000000006521	WENEN, ONB : Series Nova 13243	1460/1470
TDRA000000005996	LONDEN, VAM : Reid 35	
TDRA000000005982	EDINBURGH, UL : 46	1500
TDRA000000011049	BALTIMORE, WAG : W. 429	1500
TDRA000000002753	'S-HEERENBERG, HB : 19	1470
TDRA000000007603	BOSTON, PL : q. Med. 33	1470/1480
TDRA000000003303	'S-GRAVENHAGE, KB : 133 E 16	
TDRA000000003317	'S-GRAVENHAGE, KB : 76 G 25	1475/1500
TDRA000000004691	BALTIMORE, WAG : W. 166	1420/1430
TDRA000000002586	ANTWERPEN, MPM : M. 14.12	1490
TDRA000000003698	BRUSSEL, KB : 3067-73	1350/1400
TDRA000000014496	VAN DER LINDEN (Brussel) : 2 (BNM)	1530
TDRA000000004685	BALTIMORE, WAG : W. 165	1440/1450
TDRA000000015978	Olim KOCKX (Antwerpen) : Cat. 1876, nr. 113	14??
TDRA000000010800	PARTICULIERE COLLECTIE (Duitsland) : z.s.	1466
TDRA000000008929	DUNEDIN, KC : 118	1425/1450
TDRA000000012030	Olim ANDRIEUX (Parijs) : Cat. 1932-11-19 nr. II	1425/1475
TDRA000000004652	BREMEN, SUB : C 55	1425/1475
TDRA000000006045	Olim JALING (Utrecht) : z.s.	1520
TDRA000000006723	MADRID, BN : 25-2	
TDRA000000004134	BRUSSEL, KB : II 7556	1425/1430
TDRA000000012742	KOPENHAGEN, KB : NKS 27c Oct.	1450/1500
TDRA000000009404	BALTIMORE, WAG : W. 271	1430/1440
TDRA000000002237	AMSTERDAM, UB : I G 29	1400/1450
TDRA000000010169	JERUZALEM, JNUL : Var. 503	1400/1450
TDRA000000005564	HAMBURG, SUB : Theol. 1576	1500/1519
TDRA000000010790	BALTIMORE, WAG : W. 425	1520/1530
TDRA000000013299	OLDENBURG, LB : Cim. I 77	14??
TDRA000000015818	AUSTIN, UT : 6	1475/1500
TDRA000000010753	BALTIMORE, WAG : W. 85	1300
TDRA000000007213	ROUEN, BM : 192	1465
TDRA000000013266	EDINBURGH, NLS : Adv. 18 7 12	14??
TDRA000000009558	AMSTERDAM, BPH : BPH 185	1490
TDRA000000008652	NEW YORK, PML : M. 439	1420/1430
TDRA000000005376	MÜNCHEN, BSB : Cgm 160	1475/1500
TDRA000000003061	BERLIJN, SBB-PK : Germ. Oct. 564	
TDRA000000007950	GLASGOW, ML : 308858	
TDRA000000013925	Olim VAN DER LINDE : Cat. 1864, nr. 235	14??
TDRA000000004281	CAMBRIDGE, FM : 6 G 13	1480
TDRA000000003288	'S-GRAVENHAGE, KB : 133 E 20	1450/1500
TDRA000000013919	Olim VAN DER LINDE : Cat. 1864, nr. 228	14??
TDRA000000009941	OXFORD, JC : 32	1400/1415
TDRA000000009955	YORK, MINSTER : XVI.O.24	1400/1450
TDRA000000006455	WENEN, ONB : 2734	1487
TDRA000000010237	MANCHESTER, JRL : Latin 469	1400/1425
TDRA000000011897	Olim ABBEY (Londen) : 5625	1410/1420
TDRA000000009000	Olim WARSCHAU, BN : Petersburg, 5.2.104 (verloren)	1450/1500
TDRA000000014737	Olim QUARITCH (Londen) : Cat. 699 nr. 75	14??
TDRA000000007039	PARIJS, BN : Lat. 10538	
TDRA000000011883	NEW YORK, PML : M. 357	1425/1450
TDRA000000010223	LIVERPOOL, UL : 12028	1425/1500
TDRA000000011115	BRUGGE, SB : 328	14??/15??
TDRA000000007777	CARDROSS, SPC : 1	1490
TDRA000000015373	NEW YORK, PML : 260	1500/1525
TDRA000000003277	'S-GRAVENHAGE, KB : 74 G 36	1495
TDRA000000007005	AMSTERDAM, BPH : ICN 13	1425/1475
TDRA000000003263	'S-GRAVENHAGE, KB : 76 F 16	
TDRA000000003262	'S-GRAVENHAGE, KB : 74 G 22	
TDRA000000009029	TONDEUR & SAUBERLICH (Leipzig) : Cat. 20 (1925) nr. 260	1470
TDRA000000007004	AMSTERDAM, BPH : ICN 11	1480/1490
TDRA000000015366	BROOKLYN, LIHS : 13	14??
TDRA000000015372	NEW YORK, PML : 485	14??
TDRA000000011114	BRUGGE, SB : 324	14??/15??
TDRA000000003276	'S-GRAVENHAGE, KB : 128 G 33	1500/1525
TDRA000000011882	Olim SOTHEBY'S (Londen) : Cat. 1984-07-03, nr.89	1430/1450
TDRA000000004257	CAMBRIDGE, FM : 6 G 7	1450
TDRA000000010222	LIVERPOOL, UL : 12023	1450/1500
TDRA000000010236	MANCHESTER, JRL : Latin 466	1400/1425
TDRA000000002632	'S-GRAVENHAGE, KB : 135 E 12	1480/1490
TDRA000000002154	GREIFSWALD, UB : Theol. Oct. 8	1460
TDRA000000009001	Olim WARSCHAU, BN : Petersburg, 5.2.107 (verloren) ?	1450/1500
TDRA000000011896	Olim SOTHEBY'S (Londen) : Cat. 1989-06-19, nr.3016	1405/1410
TDRA000000009954	YORK, MINSTER : XVI.O.22	1300/1325
TDRA000000013918	Olim VAN DER LINDE : Cat. 1864, nr. 226	14??
TDRA000000004280	WEERT, GM : CMW 10	1500
TDRA000000013924	Olim VAN DER LINDE : Cat. 1864, nr. 233	14??
TDRA000000003289	'S-GRAVENHAGE, KB : 130 E 18	
TDRA000000005377	MÜNCHEN, BSB : Cgm 161	1475/1500
TDRA000000008653	NEW YORK, PML : M. 46	1420
TDRA000000014508	Olim DEVROE EN STUBBE (Brussel) : nr. 665	1460/1480
TDRA000000013267	EDINBURGH, NLS : Adv. 18 8 9	14??
TDRA000000009559	AMSTERDAM, BPH : BPH 186	1505
TDRA000000005363	MÜNCHEN, BSB : Cgm 83	1430/1440
TDRA000000009217	CLEVELAND, MA : s.o.	1475/1500
TDRA000000010975	ROTHSCHILD (Waddesdon Manor) : 26	1540
TDRA000000006871	PARIJS, BN : Nouv. acq. Lat. 215	
TDRA000000015831	Olim KONING (Amsterdam) : Cat. 1828, nr. 118	1446
TDRA000000010791	NEW YORK, PML : M. 399	1517/1518
TDRA000000015010	TORONTO, ROM : 11	14??
TDRA000000006078	BLOOMINGTON, IU : Ricketts 133	1491
TDRA000000000347	NIJMEGEN, UB : 280	1450/1500
TDRA000000012743	KOPENHAGEN, KB : GKS 1612 Qu.	1450/1500
TDRA000000009363	BALTIMORE, WAG : W. 211	1440
TDRA000000012031	Olim ANDRIEUX (Parijs) : Cat. 1932-11-19 nr. VII	1425/1475
TDRA000000015038	Olim SCHINKEL ('s-Gravenhage) : Cat. 1864, nr. 18	14??
TDRA000000006722	LONDEN, VAM : Salting 4478	
TDRA000000009411	Olim BERÈS (Parijs) : Cat. 1981, nr. 5	1480/1490
TDRA000000003869	BRUSSEL, KB : 14718	15??
TDRA000000010801	PARTICULIERE COLLECTIE (Duitsland) : z.s.	1460/1470
TDRA000000012970	Olim DE CHARNACÉ : z.s.	
TDRA000000008928	NEW YORK, BM : 11502-11505	1521
TDRA000000012958	WROCLAW, BK : 716	1472
TDRA000000005773	VAN DER LANDE (Diepenveen) : z.s.	1420
TDRA000000003302	'S-GRAVENHAGE, KB : 74 G 34	1425
TDRA000000012227	Olim VAN VOORST (Amsterdam) : Cat. 1860, nr. 193	1561
TDRA000000005983	DE VRIES (Fribourg) : 2	
TDRA000000011048	BALTIMORE, WAG : W. 440	1490/1500
TDRA000000006520	WENEN, ONB : 1987	1460
TDRA000000007158	BERLIJN, SKB : 0079	
TDRA000000005968	UTRECHT, UB : 5 J 27	1425/1475
TDRA000000004486	OXFORD, BL : Douce 248	1440/1470
TDRA000000011935	Olim CHRISTIE'S (Londen) : Cat. 1987-12-02, nr.41	1450/1500
TDRA000000004492	OXFORD, BL : Douce 93	1470
TDRA000000014802	LEIDEN, UB : BPL 2379	1475/1500
TDRA000000005933	GRONINGEN, UB : Add. 274	1515
TDRA000000006590	MAGGS Bros. (Londen) : Cat. 1975	
TDRA000000013823	Olim HERTZBERGER (Amsterdam) : z.s.	1520
TDRA000000011007	Olim THOMPSON (Londen) : 12	1480
TDRA000000011761	Olim CLAES (Antwerpen) : U 7	1480/1485
TDRA000000015507	BRUSSEL, KB : IV 285	1510
TDRA000000006209	Olim LEUVEN, UB : 219 (verloren)	1480
TDRA000000004378	LONDEN, BL : Add. 17467	
TDRA000000012532	ASCHAFFENBURG, HB : 9	1530/1531
TDRA000000002047	DRESDEN, SL : M 292	1425/1475
TDRA000000011985	DUNEDIN, PL : 180	1425/1450
TDRA000000016026	Olim STRAUS (New York) : 8	1490
TDRA000000011749	DARMSTADT, HLHB : 960	1500
TDRA000000006235	LEUVEN, UB : A 2	
TDRA000000008218	'S-GRAVENHAGE, KB : 128 G 31	1475/1500
TDRA000000011991	SAN MARINO, HL : HM 1086	1425/1475
TDRA000000014369	NEW YORK, PL : 74	14??
TDRA000000016218	DETROIT, IA : 27.365	1470
TDRA000000006023	ZÜRICH, ZB : C 142	1480
TDRA000000002523	SINT-PETERSBURG, MS : 14036	1425/1475
TDRA000000006745	'S-GRAVENHAGE, KB : 79 K 10	1395
TDRA000000006802	NEW YORK, MMA : Lehmann 72	
TDRA000000006194	WENEN, ONB : 2726	1450
TDRA000000010090	LONDEN, LS : 2	14??
TDRA000000003952	BRUSSEL, KB : 19588	14??
TDRA000000008620	CAMBRIDGE, UL : Ff 6.8	1400/1415
TDRA000000007513	PROOST (Amsterdam) : 1	
TDRA000000001162	UTRECHT, UB : Cat. 1037	1430
TDRA000000006619	BALTIMORE, WAG : W. 240	1455/1460
TDRA000000002319	ZWOLLE, HCO : Emmanuelshuizen 12	1475/1500
TDRA000000009264	OXFORD, BL : Canonici Liturg. 116	1400/1405
TDRA000000004740	DARMSTADT, HLHB : 1851	1500
TDRA000000012122	BARCELONA, BLG : 683	1475/1500
TDRA000000009502	AMSTERDAM, BPH : BPH 41	1510
TDRA000000014221	BASEL, OK : U IX 31	
TDRA000000009927	PLYMOUTH, CMAG : C1/S37/10	1400/1450
TDRA000000008387	PRINCETON, UL : Garrett 135	1500
TDRA000000009933	SAFFRON WALDEN, TL : E.1103/3475	1400/1425
TDRA000000002696	'S-GRAVENHAGE, KB : 71 H 60	1475/1550
TDRA000000007936	BRUSSEL, KB : IV 746	
TDRA000000006382	NIJMEGEN, JBB : 5000 C 112	
TDRA000000010286	MODENA, BE : Lat. 825	1500/1525
TDRA000000005660	BRUGGE, SB : 325	14??
TDRA000000010279	PADUA, BCA : A 72	1500/1525
TDRA000000013980	AMSTERDAM, UB : BH 686	1475/1500
TDRA000000002641	'S-GRAVENHAGE, KB : 135 E 18	1480
TDRA000000007738	HEIDELBERG, UB : Trübner 141	1460
TDRA000000013981	AMSTERDAM, UB : BH 715	1470
TDRA000000014036	ROSEMAN (Cleveland Heights) : 9	1435
TDRA000000009067	HAUSWEDELL & NOLTE : Cat. 278 (1989-11-29/30), nr. 2084	1460/1470
TDRA000000007062	OUDENAARDE, BERNARDIJNEN : z.s.	15??
TDRA000000002668	'S-GRAVENHAGE, KB : 135 E 45	1490
TDRA000000005661	BRUGGE, SB : 326	1450/1460
TDRA000000010287	TRENTE, BC : 1761, 128	1500/1525
TDRA000000009932	SAFFRON WALDEN, TL : E.1101/3473	1400/1425
TDRA000000009926	PETERBOROUGH, MAG : 5	1425/1475
TDRA000000014977	Olim OEGSTGEEST, DUINZICHT : 2 (BNM)	
TDRA000000014220	Olim SCHINKEL ('s-Gravenhage) : Cat. 1864, nr. 38	14??
TDRA000000010046	NEW HAVEN, YUBL : 218	1470
TDRA000000009271	MODENA, BE : Lat. 805	1400/1425
TDRA000000012123	BARCELONA, BLG : z.s.	14??/15??
TDRA000000000527	TILBURG, UB : KHS 12	1425/1450
TDRA000000009265	OXFORD, UC : 5	1400/1425
TDRA000000006156	CHICAGO, AI : 15.534	1425/1475
TDRA000000006618	BALTIMORE, WAG : W. 220	1450/1455
TDRA000000001163	UTRECHT, UB : Cat. 1038	1485/1495
TDRA000000012692	Olim DURRIEU (Parijs) : z.s.	1400/1492
TDRA000000002495	WENEN, ONB : Series Nova 12714	
TDRA000000006803	NEW YORK, MMA : Lehmann 20	
TDRA000000006750	BERLIJN, KK : 1755	
TDRA000000002244	AMSTERDAM, UB : I G 35	
TDRA000000006022	ZÜRICH, ZB : C 137	1470
TDRA000000010126	AMPLEFORTH ABBEY : 277	1400/1425
TDRA000000015704	Olim HAARLEM, BM : Olim 6125	1475/1500
TDRA000000015062	WALTON (Covington, Virginia, USA) : A 2089	1464
TDRA000000005271	TILBURG, TF : TFK HS 10	1490/1500
TDRA000000002287	AMSTERDAM, UB : I G 53	1465/1470
TDRA000000006787	KRAKOW, MN : Czart. 3025	1475/1525
TDRA000000008219	'S-GRAVENHAGE, KB : 74 G 32	1500
TDRA000000008225	ANTWERPEN, RG : s.o.	
TDRA000000005715	KAAPSTAD, NLSA : Grey 3 a 15	1420/1440
TDRA000000008231	LONDEN, GL : 1365	1450/1500
TDRA000000011760	Olim CLAES (Antwerpen) : U 3	1425/1475
TDRA000000004386	LONDEN, BL : Add. 19917	1500
TDRA000000014817	Olim ZUIDNEDERLANDSCH ANTIQUARIAAT ('s-Hertogenbosch) : z.s.	1480
TDRA000000008594	LONDEN, BL : Harley 2966	1400/1415
TDRA000000005918	BUM (Cottbus) : z.s.	
TDRA000000011979	DUNEDIN, PL : Reed Fragment Collection 87	1425/1475
TDRA000000000874	LEIDEN, UB : LTK 239	1450/1500
TDRA000000008596	NEW YORK, PML : 259	1400/1415
TDRA000000004384	LONDEN, BL : Add. 17526	1500/1525
TDRA000000012280	OXFORD, BL : Liturg. 232	14??
TDRA000000011789	CHICAGO, NL : 58	1460
TDRA000000004390	LONDEN, BL : Add. 20859	1498/1519
TDRA000000016019	OSWALD (New York) : 26	1475/1500
TDRA000000011762	Olim CLAES (Antwerpen) : U 8	1514
TDRA000000004409	LONDEN, BL : Add. 29728	
TDRA000000005717	KAAPSTAD, NLSA : Grey 3 b 6	15??
TDRA000000016025	Olim STRAUS (New York) : 5	1510
TDRA000000007128	BRUSSEL, KB : 10776	14??
TDRA000000011992	SAN MARINO, HL : HM 1087	1425/1475
TDRA000000014140	Olim DE VRIES (Amsterdam) : z.s.	1520
TDRA000000006975	POMMERSFELDEN, GSS : 344	1478
TDRA000000006961	OLDENBURG, LB : Cim. I 79	1447
TDRA000000010695	WENEN, ONB : 1979	1520/1530
TDRA000000008964	PHILADELPHIA, FL : Lewis European 182	1470
TDRA000000006791	LONDEN, BL : Add. 54782	
TDRA000000006785	TENSCHERT (Rotthalmünster) : Cat. 27/1991, nr. 16	1480/1490
TDRA000000000479	UTRECHT, MCC : BMH 59	14??
TDRA000000003602	'S-GRAVENHAGE, KB : 74 H 45	1470
TDRA000000014418	LEUVEN, UB : G 6	
TDRA000000006034	KARLSRUHE, BLB : 1307	14??
TDRA000000006752	BOLOGNA, BU : 1138	1425/1450
TDRA000000010130	BRIGHTON, PL : 6	1425/1475
TDRA000000004970	Olim UTRECHT, ABM : 33 (verloren)	1465
TDRA000000006801	NEW YORK, HS : B 251	
TDRA000000009298	KOPENHAGEN, KB : NKS 132 Qu.	1440/1445
TDRA000000015869	LONDEN, BL : s.o.	
TDRA000000006183	OXFORD, SHC : z.s.	1480/1490
TDRA000000015841	Olim VAN VOORST (Amsterdam) : Cat. 1860, nr. 202	
TDRA000000004958	UTRECHT, MCC : ABM 22	1470
TDRA000000015855	Olim KRAUS (New York) : Cat. 159 (1981), nr. 14	1430
TDRA000000006197	Olim LEUVEN, UB : 10 (verloren)	
TDRA000000010078	NEW HAVEN, YUBL : 434	1475
TDRA000000009529	AMSTERDAM, BPH : 68	14??
TDRA000000015114	AMSTERDAM, RPK : z.s.	14??
TDRA000000010044	NEW HAVEN, YUBL : 190	1450/1475
TDRA000000009267	CAMBRIDGE, SSC : 117	1430/1440
TDRA000000012121	BARCELONA, BLG : 410	1450/1500
TDRA000000009930	RIPON, CATHEDRAL : 9	1350/1400
TDRA000000005878	PARTICULIERE COLLECTIE (Frankrijk) : z.s.	1425/1430
TDRA000000009924	PARTRIDGE GREEN, SHC : ee.7	1400/1425
TDRA000000007909	BRUSSEL, KB : IV 502	1460
TDRA000000007921	BRUSSEL, KB : IV 456	1488
TDRA000000009918	STONYHURST, GC : 70	1400/1415
TDRA000000008435	MAKER, VON (Irvington) : z.s.	1490/1510
TDRA000000002118	GRONINGEN, UB : 405	1339/1341
TDRA000000004569	OXFORD, KC : 79	1475/1500
TDRA000000008353	HANOVER, DCL : Cat. 21	1480
TDRA000000007060	GLASGOW, UL : Euing 7	
TDRA000000005663	BRUGGE, SB : 334	14??
TDRA000000010246	NORWICH, CM : 181.27	1475/1500
TDRA000000008409	OXFORD, BL : Douce 381 (78-88)	
TDRA000000005887	Olim KRAUS (New York) : z.s.	1490/1495
TDRA000000010252	MODENA, BE : Lat. 1049	1460/1470
TDRA000000012444	DUBUQUE, LC : 18	14??
TDRA000000010253	VENETIE, BC : V, 54	1475/1500
TDRA000000012450	PARIJS, BN : Nouv. acq. Lat. 3112	1425/1450
TDRA000000004554	ETON, EC : 265	1475/1525
TDRA000000005662	BRUGGE, SB : 327	14??/15??
TDRA000000005845	LOS ANGELES, PGM : Ludwig IX 10	1461
TDRA000000009919	STONYHURST, GC : 73	1450/1500
TDRA000000013941	Olim CLAES (Antwerpen) : U 2	1425/1450
TDRA000000005879	PARTICULIERE COLLECTIE (Verenigde Staten) : z.s.	1430
TDRA000000009925	PARTRIDGE GREEN, SHC : ee.8	1400/1450
TDRA000000013969	TOLEDO, KATHEDRAAL : 34.71	1450/1460
TDRA000000009500	AMSTERDAM, BPH : BPH 40	1522/1523
TDRA000000012120	BARCELONA, BLG : 364	14??
TDRA000000014551	UTRECHT, MCC : ABM 9	
TDRA000000006155	CHANTILLY, MC : 1284	1410/1415
TDRA000000000530	TILBURG, UB : KHS 14	1500/1530
TDRA000000010045	BOSTON, PL : q. Med. 137	1470/1480
TDRA000000015115	AMSTERDAM, RPK : 155 H h	1500
TDRA000000011373	WEERT, GM : CMW 43	1460/1480
TDRA000000008622	OXFORD, BL : Rawlinson Liturg. e 32	1400/1415
TDRA000000008144	KASSEL, UB-LMB : Theol. Oct. 13	1460
TDRA000000008150	KRAKOW, MN : Czart. 2947	1500/1550
TDRA000000011367	Olim KENSINGTON PALACE, LDS : Dutch 4	1470/1480
TDRA000000002496	WENEN, ONB : Series Nova 12715	1470
TDRA000000006196	PARTICULIERE COLLECTIE (Duitsland) : z.s.	1470/1480
TDRA000000007288	STOCKHOLM, KB : A 91	14??
TDRA000000006800	MÜNCHEN, BSB : Cgm 23245	
TDRA000000006747	BALTIMORE, WAG : W. 190	14??
TDRA000000002521	SINT-PETERSBURG, BSS : Goll. O.I, 2	1470
TDRA000000006021	SPAAPEN (Zeist) : z.s.	
TDRA000000009306	Olim MÜNSTER, VGAW : 219	1500
TDRA000000009460	WASHINGTON, LC : 63	14??
TDRA000000015061	WALTON (Covington, Virginia, USA) : A 2038	14??
TDRA000000003603	'S-GRAVENHAGE, KB : 74 H 31	1450/1475
TDRA000000014419	'S-GRAVENHAGE, KB : 74 G 37	1455
TDRA000000000478	UTRECHT, MCC : BMH 58	14??
TDRA000000015075	Olim VYT (Gent) : Cat. 1909-01-12	
TDRA000000002284	AMSTERDAM, UB : I G 50	1470/1480
TDRA000000015920	Olim GRAFTON (Londen) : Cat. 66 nr.5	1465
TDRA000000010694	WENEN, ONB : 1922	1550/1600
TDRA000000008965	PHILADELPHIA, MA : 45 65 4	
TDRA000000002045	DRESDEN, SL : M 285	1482
TDRA000000011039	BALTIMORE, WAG : W. 774	1460/1470
TDRA000000012524	BRUSSEL, KB : II 158	1525/1550
TDRA000000007129	BRUSSEL, KB : 10773	14??
TDRA000000004408	LONDEN, BL : Add. 28686	1475/1500
TDRA000000016018	OSWALD (New York) : 16	1400/1425
TDRA000000005931	LEEUWARDEN, FM : Stamnr. 2462 kast II B/3a	
TDRA000000011978	DUNEDIN, PL : Reed Fragment Collection 72	1300
TDRA000000013809	BRUGGE, GS : 66/35	1526
TDRA000000008597	BALTIMORE, WAG : W. 169	1420
TDRA000000011940	MÜNSTER, UB : N.R. 5507	1450/1475
TDRA000000014810	Olim SOTHEBY'S (Londen) : Cat. 1982-12-07, nr.77	1450/1500
TDRA000000008587	LONDEN, BL : Sloane 2683	1390/1400
TDRA000000008593	LONDEN, BL : Loan 85/7	1400/1415
TDRA000000016020	PRATT (New York) : 4	1505
TDRA000000012520	ROUEN, BM : 3028	1500/1515
TDRA000000011029	BALTIMORE, WAG : W. 87	1310/1320
TDRA000000012534	LISSABON, MCG : LA 210	1526
TDRA000000004430	LONDEN, BL : Add. 39637	1450/1500
TDRA000000008222	'S-GRAVENHAGE, KB : 76 F 20	
TDRA000000006569	WENEN, ONB : 1938	1470/1480
TDRA000000015267	PHILADELPHIA, FL : Lewis European 99	1400/1425
TDRA000000016008	LEHMAN (New York) : D.11	1490
TDRA000000006794	MADRID, BN : 24-10	
TDRA000000004829	DARMSTADT, HLHB : 1095	1490
TDRA000000000497	UTRECHT, MCC : BMH 98	1500
TDRA000000003808	BRUSSEL, KB : 10772	1440/1445
TDRA000000010874	BRUSSEL, KB : II 177	14??
TDRA000000015059	WALTON (Covington, Virginia, USA) : A 1806	1450
TDRA000000006743	WENEN, ONB : Series Nova 2844	1510
TDRA000000009458	WASHINGTON, LC : 61	1470
TDRA000000004949	UTRECHT, MCC : ABM 13A	
TDRA000000006192	WENEN, ONB : 1887	1500/1550
TDRA000000010096	LONDEN, JSM : 7	14??/15??
TDRA000000006804	NEW YORK, PML : 493	1475/1500
TDRA000000004961	UTRECHT, MCC : ABM 25	1450/1475
TDRA000000010041	NEW HAVEN, YUBL : 16	1460/1470
TDRA000000009510	AMSTERDAM, BPH : BPH 61	1470/1480
TDRA000000009262	OXFORD, BL : Latin liturgical f.2	1400/1425
TDRA000000014555	UTRECHT, MCC : ABM 2	
TDRA000000012124	MADRID, BPR : 2098	14??
TDRA000000012642	NEW YORK, PL : 73	14??
TDRA000000007529	ASSEN, DA : Oldenhuis Gratama 929	1470/1490
TDRA000000015105	LONDEN, BL : Add. 37421	1460/1470
TDRA000000000508	UTRECHT, MCC : BMH 109	1500/1525
TDRA000000005464	CUIJK, SA : C 124	1452/1453
TDRA000000007515	LONDEN, GL : 1448	14??
TDRA000000009538	AMSTERDAM, BPH : BPH 140	14??
TDRA000000005855	AMSTERDAM, BPH : ICN 131	1490
TDRA000000016197	Olim NEVENS ('s-Gravenhage) : z.s.	1475/1500
TDRA000000007924	BRUSSEL, KB : IV 478	1500
TDRA000000014794	Olim HOFER (New York) : 10	1505
TDRA000000002860	LEEUWARDEN, FG : 438	1400/1480
TDRA000000014970	Olim QUARITCH (Londen) : Cat. 801 nr. 222	1500
TDRA000000007059	MADRID, BN : Res. 54	
TDRA000000009074	Olim FORUM (Utrecht) : Cat. 103, nr. 191	1480/1490
TDRA000000013992	LEUVEN, TF : Mechelen 12	15??
TDRA000000002647	'S-GRAVENHAGE, KB : 135 G 9	1450/1475
TDRA000000009712	Olim METZ, BM : 1255 (verloren)	1488
TDRA000000010257	BOLOGNA, BU : 1140	
TDRA000000008418	KAAPSTAD, NLSA : Omitted a 5	14??
TDRA000000012440	EUGENE, BC : 18	1484
TDRA000000015461	WELLESLEY, WCL : 17	1475/1500
TDRA000000007716	Olim SIX VAN HILLEGOM (Amsterdam) : Cat. 1928 nr. 190	1430
TDRA000000002108	GRONINGEN, UB : 220	1450/1460
TDRA000000009061	LES ENLUMINURES (Parijs) : Cat. 2, nr. 15	1499
TDRA000000005883	EGE (Cleveland) : z.s.	1460/1465
TDRA000000015448	Olim SERRURE (Gent) : Cat. 1992	
TDRA000000014742	BRUSSEL, KB : 10532	15??
TDRA000000009075	REISS & SOHN (Königstein) : Cat. 59 (veiling 4/7-4-1995) nr. 401	
TDRA000000006346	Olim LEUVEN, UB : D 390 (1) (verloren)	1500/1525
TDRA000000007058	OXFORD, BL : Canonici Liturg. 92	
TDRA000000012455	Olim ARENBERG : 31	
TDRA000000002875	GOUDA, SMCG : Inv. 60.012	
TDRA000000009920	STONYHURST, GC : 74	1475/1500
TDRA000000007925	BRUSSEL, KB : IV 479	1500
TDRA000000012119	BARCELONA, BLG : 29	1450/1500
TDRA000000009539	AMSTERDAM, BPH : ICN 151	1465/1510
TDRA000000001165	UTRECHT, UB : Cat. 1040	1508
TDRA000000012125	MADRID, BPR : 2104	14??
TDRA000000010054	NEW HAVEN, YUBL : 109	1450/1500
TDRA000000003982	BRUSSEL, KB : 21893	1482
TDRA000000009511	AMSTERDAM, BPH : ICN 63	1491
TDRA000000008196	'S-GRAVENHAGE, KB : 76 F 25	1430
TDRA000000006193	WENEN, ONB : 1988	1475/1480
TDRA000000000290	GENT, UB : 2363	
TDRA000000015845	MÜNCHEN, BSB : Cgm 5915	
TDRA000000004948	UTRECHT, MCC : ABM 12B	1460/1465
TDRA000000006187	ROME, BAV : Ross. 61	1425/1475
TDRA000000006018	LONDEN, VAM : Reid 37	
TDRA000000010108	KRAUS (New York) : Cat. 159/1981, nr. 12	
TDRA000000009459	WASHINGTON, LC : 62	1477
TDRA000000014420	'S-GRAVENHAGE, KB : 74 G 37a	1455
TDRA000000006024	ZÜRICH, ZB : C 161	1475/1500
TDRA000000006742	WENEN, KM : Kraußhaar 14648	
TDRA000000015058	WALTON (Covington, Virginia, USA) : A 2161	1440
TDRA000000009303	LEIDEN, UB : BPL 3323	1425/1475
TDRA000000004627	KOPENHAGEN, KB : GKS 3445 Oct.	1440/1442
TDRA000000004828	DARMSTADT, HLHB : 964	1505
TDRA000000005288	WOLFENBÜTTEL, HAB : 67.10 Aug. Oct.	
TDRA000000006795	MADRID, MLG : 15503	
TDRA000000014391	NEW YORK, PL : 39	14??
TDRA000000000482	UTRECHT, MCC : BMH 62	14??
TDRA000000010691	BRUGGE, SB : 321	1400/1410
TDRA000000016009	LEHMAN (New York) : B.32	1490
TDRA000000008223	'S-GRAVENHAGE, KB : 130 E 8	
TDRA000000012535	NEW YORK, PML : 451	1531
TDRA000000004431	LONDEN, BL : Add. 39638	1445
TDRA000000012521	MÜNCHEN, BSB : Clm 23637	1500/1561
TDRA000000008586	CAMBRIDGE, UL : Ii 6.2	1390/1400
TDRA000000005934	GRONINGEN, UB : Add. 266	1520/1530
TDRA000000006597	MADRID, BN : Vit. 24-2	
TDRA000000005936	BRUSSEL, KB : IV 1260	1480/1490
TDRA000000013198	KENTUCKY, UL : Lat. IV	1470
TDRA000000008584	LONDEN, BL : Royal 2 A XVIII	1400/1440
TDRA000000012523	MELLON (Upperville) : z.s.	1524
TDRA000000011994	SAN MARINO, HL : HM 1131	1471/1505
TDRA000000015270	PHILADELPHIA, FL : Lewis European 103	1500/1525
TDRA000000012279	OXFORD, BL : Liturg. 238	14??
TDRA000000002283	AMSTERDAM, UB : I G 15	1440/1460
TDRA000000010693	WENEN, ONB : 1926	1520
TDRA000000000480	UTRECHT, MCC : BMH 60	14??
TDRA000000008962	PHILADELPHIA, FL : Lewis European 101	1470/1480
TDRA000000006967	OXFORD, BL : Douce 30	1500
TDRA000000006973	'S-GRAVENHAGE, HGA : 279	1500
TDRA000000006740	WARSCHAU, BN : Wil. Rp. 868 qu	
TDRA000000009473	AMSTERDAM, BPH : BPH 27	1275/1300
TDRA000000010122	Olim SOTHEBY'S (Londen) : Cat. 1937-03-2/9, nr. 834	1390/1400
TDRA000000001991	LEIDEN, UB : BPL 2627	1400/1410
TDRA000000009315	LOS ANGELES, PGM : Ludwig IX 13	1300/1325
TDRA000000006032	PARTICULIERE COLLECTIE (Verenigde Staten) : z.s.	1450/1475
TDRA000000014378	ROSEMAN (Cleveland Heights) : 13	14??
TDRA000000003604	'S-GRAVENHAGE, KB : 76 F 31	1490/1510
TDRA000000008802	BRUGGE, SB : 673	1470/1490
TDRA000000015853	LUIK, UB : Wittert 20	14??
TDRA000000006191	WENEN, ONB : 1908	1415
TDRA000000004962	UTRECHT, MCC : ABM 26	1465/1470
TDRA000000008194	'S-GRAVENHAGE, KB : 130 E 14	1400
TDRA000000006807	OXFORD, BL : Lat. misc. A 24 II	
TDRA000000010056	NEW HAVEN, YUBL : 32	14??
TDRA000000006152	CAMBRIDGE, UL : Add. 4097	1480/1490
TDRA000000004745	DARMSTADT, HLHB : 1904	
TDRA000000012127	MONTSERRAT, BM : 53	1520/1530
TDRA000000010042	NEW HAVEN, YUBL : 110	1480
TDRA000000006620	BALTIMORE, WAG : W. 281	
TDRA000000012655	BRUSSEL, KB : IV 670	1510
TDRA000000014218	Olim HANSEN (Roermond) : 2	1500
TDRA000000008631	ROUEN, BM : 3024	1400/1415
TDRA000000010297	BRUSSEL, KB : 11791	14??
TDRA000000005856	LEEDS, UL : Brotherton 7	1490/1510
TDRA000000014973	Olim DYSON PERRINS (Malvern) : 105	1500/1525
TDRA000000005659	BRUGGE, SB : 323	14??
TDRA000000005881	PARTICULIERE COLLECTIE (Verenigde Staten) : z.s.	1470/1475
TDRA000000002650	'S-GRAVENHAGE, KB : 135 G 12	1460/1480
TDRA000000002644	'S-GRAVENHAGE, KB : 135 E 23	1440/1500
TDRA000000006422	Olim VAN ZUYLEN (Brugge) : z.s.	1470/1490
TDRA000000014740	Olim QUARITCH (Londen) : Cat. 820 nr. 9	1480
TDRA000000005671	BRUGGE, SB : 568	14??
TDRA000000007067	BRUSSEL, KB : 15080	15??
TDRA000000007073	LEEDS, UL : Brotherton 4	1450/1500
TDRA000000010241	MANCHESTER, JRL : Latin 482	1450/1500
TDRA000000012456	Olim ARENBERG : 32	
TDRA000000002645	'S-GRAVENHAGE, KB : 135 E 25	1450/1475
TDRA000000009062	SWANN GALLERIES (New York) : Cat. 21-4-94 nr. 70	
TDRA000000004546	LONDEN, BL : Stowe 17	1310/1320
TDRA000000005880	PARTICULIERE COLLECTIE (Verenigde Staten) : z.s.	1480
TDRA000000012442	THOMPSON (Portland) : z.s.	1475/1500
TDRA000000009089	AMSTERDAM, BPH : ICN 170	14??
TDRA000000014972	Olim DYSON PERRINS (Malvern) : 104	1500
TDRA000000007926	BRUSSEL, KB : IV 1480	
TDRA000000005857	AMSTERDAM, BPH : ICN 2	1491
TDRA000000010296	BRUSSEL, KB : 11790	15??
TDRA000000010719	WENEN, ONB : 1875	1530
TDRA000000008630	CARPENTRAS, BC : 57	1400/1410
TDRA000000001166	UTRECHT, UB : Cat. 1041	1450/1475
TDRA000000008624	CAMBRIDGE, TC : B 11.14	1400/1415
TDRA000000008142	KASSEL, UB-LMB : Theol. Oct. 15	
TDRA000000009274	OXFORD, BL : Canonici Liturg. 118	
TDRA000000012654	BRUSSEL, KB : II 1571	1500/1525
TDRA000000006621	BRUGGE, PM : O.P. 5.I	
TDRA000000012126	BARCELONA, BC : 1852	1475/1500
TDRA000000008195	'S-GRAVENHAGE, KB : 128 G 30	1400/1450
TDRA000000004963	Olim UTRECHT, ABM : 27	
TDRA000000006190	UTRECHT, UB : 15 C 5	1450/1475
TDRA000000006769	CAMBRIDGE, FM : 268	1470
TDRA000000015073	Olim SOTHEBY'S (Londen) : Cat. 1949-04-04, nr.188	
TDRA000000016208	WIDENER (Philadelphia) : 3	1450/1470
TDRA000000008036	HUETING (Heiloo) : z.s	1460
TDRA000000010651	WENEN, ONB : Series Nova 2600	1510/1520
TDRA000000010137	OXFORD, BL : Canonici Liturg. 125	1400/1425
TDRA000000006741	WARSCHAU, BN : Wil. Rp. 869 qu	
TDRA000000016234	WEIMAR, HAAB : Qu. 57	
TDRA000000010876	BRUSSEL, KB : II 186	14??
TDRA000000009499	AMSTERDAM, BPH : BPH 39	1470/1480
TDRA000000000481	UTRECHT, MCC : BMH 61	1500/1525
TDRA000000007488	DURHAM, BM : 091 MED 6	
TDRA000000008220	'S-GRAVENHAGE, KB : 76 G 4	
TDRA000000015517	Olim HERTZBERGER (Amsterdam) : z.s.	
TDRA000000011995	SAN MARINO, HL : HM 1134	1425/1475
TDRA000000016022	SCHIFF (New York) : 3	1510
TDRA000000004383	LONDEN, BL : Add. 18214	
TDRA000000006594	Olim SOTHEBY'S (Londen) : Cat. 1975-12-06, nr. 44	
TDRA000000011956	Olim VON SCHERLING (Oegstgeest) : Cat. 1951, nr.4	1400/1425
TDRA000000013199	KENTUCKY, UL : Lat. V	1450/1500
